iter,tau_e,Re_B,Re_T,Re_L,lambda_t,eta_cell,eta_domain,kmax_eta_cell,kmax_eta_domain,L_TKE,ils,eps0,TKE,u_rms,frac_x,frac_y,frac_z
100000,  2.456880E+03,  4.066994E+02,  4.373747E+01,  9.101191E+01,  1.376544E+01,  1.057646E+00,  5.191710E-02,  3.322694E+00,  3.322694E+00,  7.373766E+01,  2.864407E+01,  3.948204E-08,  2.038885E-04,  1.165872E-02,  5.004762E-01,  2.489009E-01,  2.506228E-01
101000,  2.503733E+03,  3.816367E+02,  4.002787E+01,  8.166865E+01,  1.342525E+01,  1.078247E+00,  5.292834E-02,  3.387414E+00,  3.387414E+00,  6.581585E+01,  2.739147E+01,  3.655007E-08,  1.795336E-04,  1.094025E-02,  4.953516E-01,  2.639915E-01,  2.406569E-01
102000,  2.757851E+03,  3.460143E+02,  3.501192E+01,  7.394796E+01,  1.295185E+01,  1.112247E+00,  5.459728E-02,  3.494226E+00,  3.494226E+00,  5.553842E+01,  2.735534E+01,  3.228176E-08,  1.475821E-04,  9.919077E-03,  4.326145E-01,  3.377193E-01,  2.296662E-01
103000,  2.648262E+03,  3.411588E+02,  3.609573E+01,  6.903059E+01,  1.354282E+01,  1.145403E+00,  5.622485E-02,  3.598391E+00,  3.598391E+00,  5.987017E+01,  2.589971E+01,  2.870304E-08,  1.434693E-04,  9.779887E-03,  4.769225E-01,  2.845632E-01,  2.385143E-01
104000,  2.650358E+03,  3.257813E+02,  3.468747E+01,  6.299759E+01,  1.362877E+01,  1.175838E+00,  5.771880E-02,  3.694003E+00,  3.694003E+00,  5.789949E+01,  2.475186E+01,  2.584473E-08,  1.308271E-04,  9.339062E-03,  5.020097E-01,  2.356049E-01,  2.623852E-01
105000,  2.788927E+03,  3.203441E+02,  3.501406E+01,  6.409700E+01,  1.399058E+01,  1.201411E+00,  5.897414E-02,  3.774345E+00,  3.774345E+00,  5.999622E+01,  2.561126E+01,  2.371345E-08,  1.264967E-04,  9.183197E-03,  4.930601E-01,  2.565382E-01,  2.504016E-01
106000,  2.719237E+03,  3.253432E+02,  3.711792E+01,  6.446111E+01,  1.460333E+01,  1.217972E+00,  5.978705E-02,  3.826371E+00,  3.826371E+00,  6.638668E+01,  2.536098E+01,  2.244981E-08,  1.304756E-04,  9.326505E-03,  4.531989E-01,  2.586391E-01,  2.881620E-01
107000,  2.780665E+03,  3.402291E+02,  3.965838E+01,  7.208729E+01,  1.492016E+01,  1.203880E+00,  5.909533E-02,  3.782101E+00,  3.782101E+00,  7.246930E+01,  2.712047E+01,  2.351953E-08,  1.426883E-04,  9.753234E-03,  4.693752E-01,  2.895960E-01,  2.410289E-01
108000,  2.921481E+03,  3.503349E+02,  4.150177E+01,  8.030402E+01,  1.516328E+01,  1.196016E+00,  5.870931E-02,  3.757396E+00,  3.757396E+00,  7.707355E+01,  2.934025E+01,  2.414423E-08,  1.512908E-04,  1.004293E-02,  4.490055E-01,  3.112685E-01,  2.397260E-01
109000,  2.633741E+03,  3.691076E+02,  4.427243E+01,  8.036118E+01,  1.535290E+01,  1.172467E+00,  5.755336E-02,  3.683415E+00,  3.683415E+00,  8.324712E+01,  2.786784E+01,  2.614317E-08,  1.679391E-04,  1.058109E-02,  4.358297E-01,  2.989367E-01,  2.652336E-01
110000,  2.426195E+03,  3.576959E+02,  4.143312E+01,  6.952176E+01,  1.482667E+01,  1.170434E+00,  5.745356E-02,  3.677028E+00,  3.677028E+00,  7.523795E+01,  2.487807E+01,  2.632530E-08,  1.577152E-04,  1.025395E-02,  4.489368E-01,  2.936184E-01,  2.574448E-01
111000,  2.831443E+03,  3.386463E+02,  3.769586E+01,  7.272230E+01,  1.424811E+01,  1.179201E+00,  5.788388E-02,  3.704568E+00,  3.704568E+00,  6.578041E+01,  2.748725E+01,  2.555116E-08,  1.413638E-04,  9.707860E-03,  4.261651E-01,  3.100457E-01,  2.637892E-01
112000,  2.790569E+03,  3.606988E+02,  4.308065E+01,  8.131103E+01,  1.528789E+01,  1.183542E+00,  5.809697E-02,  3.718206E+00,  3.718206E+00,  8.066321E+01,  2.885458E+01,  2.517835E-08,  1.603744E-04,  1.034003E-02,  4.558257E-01,  3.189299E-01,  2.252444E-01
113000,  2.419126E+03,  4.090972E+02,  5.269648E+01,  9.067314E+01,  1.648789E+01,  1.154121E+00,  5.665280E-02,  3.625779E+00,  3.625779E+00,  1.064124E+02,  2.837018E+01,  2.784555E-08,  2.062997E-04,  1.172745E-02,  5.374250E-01,  2.511036E-01,  2.114714E-01
114000,  2.048600E+03,  4.945593E+02,  6.544820E+01,  1.122177E+02,  1.693906E+01,  1.063941E+00,  5.222609E-02,  3.342470E+00,  3.342470E+00,  1.357790E+02,  2.904376E+01,  3.855592E-08,  3.014966E-04,  1.417737E-02,  5.533924E-01,  2.043431E-01,  2.422645E-01
115000,  2.197301E+03,  4.641841E+02,  5.343921E+01,  1.060321E+02,  1.473600E+01,  1.024299E+00,  5.028018E-02,  3.217932E+00,  3.217932E+00,  9.644626E+01,  2.923862E+01,  4.488010E-08,  2.655988E-04,  1.330661E-02,  5.502123E-01,  2.131094E-01,  2.366784E-01
116000,  2.163783E+03,  4.461417E+02,  4.783131E+01,  9.645539E+01,  1.372301E+01,  1.008255E+00,  4.949262E-02,  3.167528E+00,  3.167528E+00,  8.039098E+01,  2.767348E+01,  4.780568E-08,  2.453529E-04,  1.278939E-02,  5.198923E-01,  2.287846E-01,  2.513232E-01
117000,  2.383358E+03,  4.898271E+02,  5.556544E+01,  1.280684E+02,  1.452018E+01,  9.897984E-01,  4.858661E-02,  3.109543E+00,  3.109543E+00,  9.881487E+01,  3.346642E+01,  5.147241E-08,  2.957544E-04,  1.404171E-02,  6.098013E-01,  1.920416E-01,  1.981570E-01
118000,  2.292811E+03,  4.856789E+02,  5.471785E+01,  1.211250E+02,  1.442081E+01,  9.906095E-01,  4.862643E-02,  3.112092E+00,  3.112092E+00,  9.664166E+01,  3.192233E+01,  5.130405E-08,  2.907663E-04,  1.392279E-02,  6.040639E-01,  1.919657E-01,  2.039704E-01
119000,  2.304044E+03,  4.209898E+02,  4.292979E+01,  9.145370E+01,  1.305260E+01,  1.012267E+00,  4.968953E-02,  3.180130E+00,  3.180130E+00,  6.862804E+01,  2.780607E+01,  4.705239E-08,  2.184685E-04,  1.206838E-02,  5.113220E-01,  2.293949E-01,  2.592831E-01
120000,  2.304073E+03,  4.205262E+02,  4.350191E+01,  9.125349E+01,  1.324113E+01,  1.020113E+00,  5.007467E-02,  3.204779E+00,  3.204779E+00,  7.054709E+01,  2.777579E+01,  4.562140E-08,  2.179876E-04,  1.205509E-02,  5.399093E-01,  2.116088E-01,  2.484819E-01
121000,  2.208358E+03,  4.007342E+02,  4.101056E+01,  7.942361E+01,  1.309933E+01,  1.039390E+00,  5.102094E-02,  3.265340E+00,  3.265340E+00,  6.579463E+01,  2.536899E+01,  4.232991E-08,  1.979514E-04,  1.148771E-02,  4.970615E-01,  2.324991E-01,  2.704393E-01
122000,  2.405689E+03,  3.931890E+02,  4.156468E+01,  8.329321E+01,  1.353110E+01,  1.066468E+00,  5.235014E-02,  3.350409E+00,  3.350409E+00,  6.888158E+01,  2.711553E+01,  3.819175E-08,  1.905673E-04,  1.127142E-02,  5.147904E-01,  2.100309E-01,  2.751787E-01
123000,  2.739432E+03,  3.572149E+02,  3.702166E+01,  7.828652E+01,  1.326589E+01,  1.107862E+00,  5.438203E-02,  3.480450E+00,  3.480450E+00,  6.015030E+01,  2.805223E+01,  3.279590E-08,  1.572914E-04,  1.024016E-02,  5.131666E-01,  2.290380E-01,  2.577955E-01
124000,  3.081546E+03,  3.626791E+02,  4.152279E+01,  9.077809E+01,  1.465460E+01,  1.155601E+00,  5.672543E-02,  3.630427E+00,  3.630427E+00,  7.452570E+01,  3.203822E+01,  2.770321E-08,  1.621402E-04,  1.039680E-02,  5.075879E-01,  2.219466E-01,  2.704655E-01
125000,  3.131707E+03,  3.396389E+02,  3.889418E+01,  8.090646E+01,  1.465808E+01,  1.194296E+00,  5.862487E-02,  3.751992E+00,  3.751992E+00,  6.982440E+01,  3.049129E+01,  2.428363E-08,  1.421938E-04,  9.736316E-03,  5.180315E-01,  2.151775E-01,  2.667909E-01
126000,  3.222347E+03,  3.313931E+02,  3.886907E+01,  7.925497E+01,  1.501311E+01,  1.223618E+00,  6.006419E-02,  3.844108E+00,  3.844108E+00,  7.146944E+01,  3.061209E+01,  2.203832E-08,  1.353732E-04,  9.499936E-03,  5.037787E-01,  2.539256E-01,  2.422957E-01
127000,  2.964938E+03,  3.532113E+02,  4.394352E+01,  8.284229E+01,  1.592466E+01,  1.220675E+00,  5.991973E-02,  3.834863E+00,  3.834863E+00,  8.570586E+01,  3.002116E+01,  2.225162E-08,  1.537853E-04,  1.012539E-02,  5.435697E-01,  2.543912E-01,  2.020392E-01
128000,  2.902601E+03,  3.825263E+02,  5.055614E+01,  9.512119E+01,  1.691697E+01,  1.208962E+00,  5.934481E-02,  3.798068E+00,  3.798068E+00,  1.047471E+02,  3.182921E+01,  2.312652E-08,  1.803717E-04,  1.096576E-02,  6.109917E-01,  2.258493E-01,  1.631590E-01
129000,  2.763835E+03,  3.922838E+02,  5.045757E+01,  9.525334E+01,  1.646402E+01,  1.177741E+00,  5.781224E-02,  3.699983E+00,  3.699983E+00,  1.017437E+02,  3.108063E+01,  2.567805E-08,  1.896909E-04,  1.124547E-02,  6.045843E-01,  2.080662E-01,  1.873495E-01
130000,  2.479627E+03,  4.013204E+02,  4.888371E+01,  8.944089E+01,  1.559132E+01,  1.133125E+00,  5.562216E-02,  3.559818E+00,  3.559818E+00,  9.334534E+01,  2.852691E+01,  2.996745E-08,  1.985310E-04,  1.150452E-02,  5.502879E-01,  2.439375E-01,  2.057746E-01
131000,  2.420987E+03,  4.180381E+02,  4.884986E+01,  9.475268E+01,  1.495744E+01,  1.087434E+00,  5.337929E-02,  3.416275E+00,  3.416275E+00,  8.948828E+01,  2.901253E+01,  3.533051E-08,  2.154157E-04,  1.198376E-02,  4.724189E-01,  3.117686E-01,  2.158124E-01
132000,  2.397210E+03,  4.067554E+02,  4.588977E+01,  8.882598E+01,  1.444084E+01,  1.083208E+00,  5.317184E-02,  3.402997E+00,  3.402997E+00,  8.116222E+01,  2.795224E+01,  3.588513E-08,  2.039447E-04,  1.166032E-02,  4.241928E-01,  3.147052E-01,  2.611021E-01
133000,  2.474814E+03,  4.305448E+02,  5.010175E+01,  1.027417E+02,  1.489514E+01,  1.069289E+00,  5.248862E-02,  3.359272E+00,  3.359272E+00,  9.139933E+01,  3.054486E+01,  3.779033E-08,  2.284980E-04,  1.234229E-02,  4.979841E-01,  2.420189E-01,  2.599970E-01
134000,  2.233889E+03,  4.454842E+02,  5.151227E+01,  9.928724E+01,  1.480091E+01,  1.047877E+00,  5.143753E-02,  3.292002E+00,  3.292002E+00,  9.337802E+01,  2.852798E+01,  4.097517E-08,  2.446303E-04,  1.277055E-02,  5.091985E-01,  2.180556E-01,  2.727459E-01
135000,  2.107106E+03,  4.221291E+02,  4.507777E+01,  8.408997E+01,  1.366870E+01,  1.034482E+00,  5.078004E-02,  3.249922E+00,  3.249922E+00,  7.546318E+01,  2.549816E+01,  4.313892E-08,  2.196525E-04,  1.210103E-02,  4.693761E-01,  2.385099E-01,  2.921140E-01
136000,  2.254550E+03,  4.154326E+02,  4.304766E+01,  8.714216E+01,  1.326352E+01,  1.027215E+00,  5.042329E-02,  3.227091E+00,  3.227091E+00,  6.992849E+01,  2.684959E+01,  4.437273E-08,  2.127389E-04,  1.190907E-02,  3.979215E-01,  2.841244E-01,  3.179541E-01
137000,  2.388288E+03,  4.074246E+02,  4.261226E+01,  8.878680E+01,  1.338743E+01,  1.042095E+00,  5.115370E-02,  3.273837E+00,  3.273837E+00,  6.986785E+01,  2.789402E+01,  4.189216E-08,  2.046163E-04,  1.167950E-02,  4.650812E-01,  2.881845E-01,  2.467343E-01
138000,  2.499644E+03,  3.957534E+02,  4.168314E+01,  8.767884E+01,  1.348173E+01,  1.061067E+00,  5.208499E-02,  3.333440E+00,  3.333440E+00,  6.882587E+01,  2.835829E+01,  3.897541E-08,  1.930612E-04,  1.134493E-02,  4.475576E-01,  3.154617E-01,  2.369807E-01
139000,  2.549936E+03,  3.684114E+02,  3.784151E+01,  7.751085E+01,  1.314757E+01,  1.086021E+00,  5.330995E-02,  3.411837E+00,  3.411837E+00,  6.093397E+01,  2.693019E+01,  3.551470E-08,  1.673061E-04,  1.056113E-02,  4.153331E-01,  3.180434E-01,  2.666235E-01
140000,  2.722707E+03,  3.446754E+02,  3.578376E+01,  7.244171E+01,  1.328880E+01,  1.128807E+00,  5.541021E-02,  3.546253E+00,  3.546253E+00,  5.823944E+01,  2.690224E+01,  3.042861E-08,  1.464422E-04,  9.880695E-03,  3.839362E-01,  2.886145E-01,  3.274492E-01
141000,  2.854328E+03,  3.614840E+02,  4.095866E+01,  8.353131E+01,  1.450329E+01,  1.151518E+00,  5.652503E-02,  3.617602E+00,  3.617602E+00,  7.275416E+01,  2.957809E+01,  2.809816E-08,  1.610734E-04,  1.036254E-02,  3.901185E-01,  2.492837E-01,  3.605978E-01
142000,  2.766960E+03,  3.400038E+02,  3.784728E+01,  7.163705E+01,  1.424823E+01,  1.176849E+00,  5.776844E-02,  3.697180E+00,  3.697180E+00,  6.604518E+01,  2.696894E+01,  2.575602E-08,  1.424995E-04,  9.746776E-03,  4.004632E-01,  2.861838E-01,  3.133530E-01
143000,  3.101457E+03,  3.459266E+02,  4.026447E+01,  8.311912E+01,  1.489869E+01,  1.193065E+00,  5.856446E-02,  3.748125E+00,  3.748125E+00,  7.347095E+01,  3.075579E+01,  2.438399E-08,  1.475073E-04,  9.916563E-03,  4.328778E-01,  2.563097E-01,  3.108126E-01
144000,  2.845307E+03,  4.057525E+02,  5.343607E+01,  1.049105E+02,  1.685711E+01,  1.171772E+00,  5.751922E-02,  3.681230E+00,  3.681230E+00,  1.103223E+02,  3.309540E+01,  2.620529E-08,  2.029402E-04,  1.163157E-02,  5.635182E-01,  1.863660E-01,  2.501157E-01
145000,  2.392614E+03,  4.311786E+02,  5.361496E+01,  9.962177E+01,  1.591618E+01,  1.104518E+00,  5.421792E-02,  3.469947E+00,  3.469947E+00,  1.045130E+02,  2.957379E+01,  3.319478E-08,  2.291712E-04,  1.236045E-02,  5.202255E-01,  2.360806E-01,  2.436939E-01
146000,  2.367109E+03,  4.166625E+02,  4.687997E+01,  9.203527E+01,  1.440167E+01,  1.068800E+00,  5.246459E-02,  3.357734E+00,  3.357734E+00,  8.268863E+01,  2.827352E+01,  3.785960E-08,  2.140004E-04,  1.194433E-02,  5.155201E-01,  2.531805E-01,  2.312994E-01
147000,  2.348482E+03,  3.876141E+02,  4.113183E+01,  7.902304E+01,  1.358277E+01,  1.076159E+00,  5.282585E-02,  3.380854E+00,  3.380854E+00,  6.842458E+01,  2.609541E+01,  3.683453E-08,  1.852016E-04,  1.111160E-02,  4.788365E-01,  2.586820E-01,  2.624815E-01
148000,  2.690978E+03,  3.764714E+02,  4.059057E+01,  8.541643E+01,  1.380077E+01,  1.100697E+00,  5.403034E-02,  3.457942E+00,  3.457942E+00,  6.860787E+01,  2.904152E+01,  3.365817E-08,  1.747067E-04,  1.079218E-02,  4.761189E-01,  2.985475E-01,  2.253336E-01
149000,  2.741909E+03,  3.659668E+02,  4.085973E+01,  8.224387E+01,  1.429104E+01,  1.136039E+00,  5.576519E-02,  3.568972E+00,  3.568972E+00,  7.151627E+01,  2.876550E+01,  2.966119E-08,  1.650931E-04,  1.049105E-02,  4.685888E-01,  2.760724E-01,  2.553388E-01
150000,  2.404874E+03,  4.094998E+02,  5.006551E+01,  9.031647E+01,  1.564930E+01,  1.123836E+00,  5.516616E-02,  3.530634E+00,  3.530634E+00,  9.595755E+01,  2.823080E+01,  3.097065E-08,  2.067060E-04,  1.173899E-02,  4.997010E-01,  2.457635E-01,  2.545354E-01
151000,  2.382826E+03,  4.562094E+02,  5.826402E+01,  1.110677E+02,  1.634731E+01,  1.088236E+00,  5.341867E-02,  3.418795E+00,  3.418795E+00,  1.166520E+02,  3.116260E+01,  3.522645E-08,  2.565513E-04,  1.307800E-02,  6.033586E-01,  2.099335E-01,  1.867080E-01
152000,  2.118038E+03,  4.713492E+02,  5.598354E+01,  1.053869E+02,  1.520294E+01,  1.032463E+00,  5.068092E-02,  3.243579E+00,  3.243579E+00,  1.042398E+02,  2.861896E+01,  4.347736E-08,  2.738617E-04,  1.351201E-02,  5.030231E-01,  2.585018E-01,  2.384751E-01
153000,  2.182438E+03,  4.283627E+02,  4.423155E+01,  8.968762E+01,  1.321693E+01,  1.009815E+00,  4.956916E-02,  3.172426E+00,  3.172426E+00,  7.159924E+01,  2.679976E+01,  4.751109E-08,  2.261877E-04,  1.227973E-02,  3.480232E-01,  3.271700E-01,  3.248067E-01
154000,  2.204725E+03,  4.155860E+02,  4.276229E+01,  8.527927E+01,  1.317074E+01,  1.023427E+00,  5.023735E-02,  3.215190E+00,  3.215190E+00,  6.897897E+01,  2.626592E+01,  4.503336E-08,  2.128959E-04,  1.191346E-02,  3.295768E-01,  3.369502E-01,  3.334730E-01
155000,  2.413490E+03,  3.772182E+02,  3.772366E+01,  7.691268E+01,  1.280062E+01,  1.059013E+00,  5.198420E-02,  3.326989E+00,  3.326989E+00,  5.914126E+01,  2.609848E+01,  3.927859E-08,  1.754005E-04,  1.081359E-02,  3.156850E-01,  3.999794E-01,  2.843356E-01
156000,  2.400016E+03,  3.702370E+02,  3.896151E+01,  7.367855E+01,  1.346995E+01,  1.096542E+00,  5.382637E-02,  3.444888E+00,  3.444888E+00,  6.427578E+01,  2.547248E+01,  3.417124E-08,  1.689684E-04,  1.061346E-02,  4.038790E-01,  3.419369E-01,  2.541842E-01
157000,  2.548844E+03,  3.878439E+02,  4.313750E+01,  8.586660E+01,  1.423666E+01,  1.101432E+00,  5.406642E-02,  3.460251E+00,  3.460251E+00,  7.521570E+01,  2.833853E+01,  3.356841E-08,  1.854213E-04,  1.111819E-02,  3.899297E-01,  3.185691E-01,  2.915012E-01
158000,  2.459879E+03,  4.136822E+02,  4.816539E+01,  9.427895E+01,  1.490316E+01,  1.091159E+00,  5.356212E-02,  3.427976E+00,  3.427976E+00,  8.791418E+01,  2.917144E+01,  3.485059E-08,  2.109499E-04,  1.185889E-02,  4.085751E-01,  2.993111E-01,  2.921138E-01
159000,  2.227237E+03,  4.177613E+02,  4.768531E+01,  8.705426E+01,  1.461055E+01,  1.075106E+00,  5.277415E-02,  3.377545E+00,  3.377545E+00,  8.532899E+01,  2.667300E+01,  3.697910E-08,  2.151305E-04,  1.197582E-02,  4.496144E-01,  2.909904E-01,  2.593953E-01
160000,  2.295775E+03,  4.390113E+02,  4.996740E+01,  9.909415E+01,  1.456871E+01,  1.047261E+00,  5.140729E-02,  3.290066E+00,  3.290066E+00,  8.915655E+01,  2.889231E+01,  4.107167E-08,  2.375730E-04,  1.258499E-02,  5.257421E-01,  2.279136E-01,  2.463444E-01
161000,  2.410475E+03,  4.372950E+02,  4.799153E+01,  1.032331E+02,  1.404753E+01,  1.030374E+00,  5.057837E-02,  3.237016E+00,  3.237016E+00,  8.256773E+01,  3.021721E+01,  4.383105E-08,  2.357191E-04,  1.253579E-02,  5.467174E-01,  2.166524E-01,  2.366302E-01
162000,  2.478299E+03,  3.888157E+02,  3.917543E+01,  8.390900E+01,  1.289674E+01,  1.047009E+00,  5.139491E-02,  3.289274E+00,  3.289274E+00,  6.187843E+01,  2.762325E+01,  4.111124E-08,  1.863517E-04,  1.114605E-02,  4.421946E-01,  2.894489E-01,  2.683564E-01
163000,  2.587192E+03,  3.871902E+02,  4.082859E+01,  8.686497E+01,  1.349740E+01,  1.073359E+00,  5.268838E-02,  3.372056E+00,  3.372056E+00,  6.749319E+01,  2.871642E+01,  3.722046E-08,  1.847968E-04,  1.109945E-02,  4.648109E-01,  2.849207E-01,  2.502684E-01
164000,  2.746175E+03,  3.849299E+02,  4.197106E+01,  9.112943E+01,  1.395656E+01,  1.094663E+00,  5.373416E-02,  3.438986E+00,  3.438986E+00,  7.174207E+01,  3.030310E+01,  3.440642E-08,  1.826455E-04,  1.103466E-02,  4.878731E-01,  2.601348E-01,  2.519921E-01
165000,  2.819199E+03,  3.423164E+02,  3.528869E+01,  7.398582E+01,  1.319525E+01,  1.128696E+00,  5.540476E-02,  3.545905E+00,  3.545905E+00,  5.702940E+01,  2.766500E+01,  3.044058E-08,  1.444446E-04,  9.813071E-03,  5.233329E-01,  2.326133E-01,  2.440537E-01
166000,  2.778798E+03,  3.501930E+02,  3.811837E+01,  7.632015E+01,  1.393275E+01,  1.146692E+00,  5.628812E-02,  3.602440E+00,  3.602440E+00,  6.504542E+01,  2.789598E+01,  2.857421E-08,  1.511683E-04,  1.003887E-02,  5.195071E-01,  2.818621E-01,  1.986309E-01
167000,  2.454092E+03,  3.716274E+02,  4.326117E+01,  7.590557E+01,  1.490049E+01,  1.151141E+00,  5.650651E-02,  3.616416E+00,  3.616416E+00,  7.894859E+01,  2.614423E+01,  2.813503E-08,  1.702398E-04,  1.065332E-02,  5.037583E-01,  2.647850E-01,  2.314567E-01
168000,  2.510418E+03,  3.398975E+02,  3.713789E+01,  6.495450E+01,  1.398554E+01,  1.166132E+00,  5.724239E-02,  3.663513E+00,  3.663513E+00,  6.361247E+01,  2.446083E+01,  2.671592E-08,  1.424104E-04,  9.743728E-03,  4.528196E-01,  2.968536E-01,  2.503268E-01
169000,  2.650910E+03,  3.860130E+02,  4.577216E+01,  8.846390E+01,  1.517782E+01,  1.139950E+00,  5.595718E-02,  3.581259E+00,  3.581259E+00,  8.508568E+01,  2.933419E+01,  2.925620E-08,  1.836748E-04,  1.106571E-02,  5.630773E-01,  2.357969E-01,  2.011258E-01
170000,  2.589066E+03,  3.751688E+02,  4.224419E+01,  8.161381E+01,  1.441286E+01,  1.126793E+00,  5.531130E-02,  3.539923E+00,  3.539923E+00,  7.456978E+01,  2.784498E+01,  3.064684E-08,  1.734998E-04,  1.075484E-02,  5.137104E-01,  2.723695E-01,  2.139200E-01
171000,  2.728506E+03,  3.260838E+02,  3.414455E+01,  6.497565E+01,  1.340300E+01,  1.165517E+00,  5.721218E-02,  3.661580E+00,  3.661580E+00,  5.604914E+01,  2.550535E+01,  2.677239E-08,  1.310702E-04,  9.347736E-03,  3.711459E-01,  3.789284E-01,  2.499256E-01
172000,  2.710555E+03,  3.331050E+02,  3.688820E+01,  6.735779E+01,  1.417478E+01,  1.185905E+00,  5.821295E-02,  3.725629E+00,  3.725629E+00,  6.403973E+01,  2.588312E+01,  2.497828E-08,  1.367754E-04,  9.549011E-03,  3.871307E-01,  3.532212E-01,  2.596480E-01
173000,  2.466326E+03,  3.684521E+02,  4.445512E+01,  7.498595E+01,  1.544368E+01,  1.176974E+00,  5.777459E-02,  3.697574E+00,  3.697574E+00,  8.408492E+01,  2.605007E+01,  2.574504E-08,  1.673431E-04,  1.056230E-02,  5.253766E-01,  2.504192E-01,  2.242042E-01
174000,  2.239464E+03,  4.201243E+02,  5.333236E+01,  8.852518E+01,  1.624886E+01,  1.130589E+00,  5.549766E-02,  3.551850E+00,  3.551850E+00,  1.061352E+02,  2.697112E+01,  3.023726E-08,  2.175711E-04,  1.204356E-02,  5.757084E-01,  2.310149E-01,  1.932766E-01
175000,  1.883332E+03,  4.899977E+02,  6.135719E+01,  1.012703E+02,  1.602807E+01,  1.039742E+00,  5.103824E-02,  3.266447E+00,  3.266447E+00,  1.204460E+02,  2.645441E+01,  4.227254E-08,  2.959605E-04,  1.404660E-02,  5.457832E-01,  2.346347E-01,  2.195821E-01
176000,  2.038553E+03,  4.861308E+02,  5.470237E+01,  1.078936E+02,  1.440333E+01,  9.895484E-01,  4.857435E-02,  3.108758E+00,  3.108758E+00,  9.649721E+01,  2.840877E+01,  5.152444E-08,  2.913077E-04,  1.393575E-02,  5.179567E-01,  2.721541E-01,  2.098892E-01
177000,  1.973787E+03,  5.505186E+02,  6.341396E+01,  1.339712E+02,  1.474426E+01,  9.408223E-01,  4.618251E-02,  2.955681E+00,  2.955681E+00,  1.145126E+02,  3.114939E+01,  6.305667E-08,  3.735851E-04,  1.578153E-02,  5.979241E-01,  1.979629E-01,  2.041130E-01
178000,  1.780378E+03,  5.028850E+02,  5.016955E+01,  1.008363E+02,  1.276972E+01,  9.160908E-01,  4.496850E-02,  2.877984E+00,  2.877984E+00,  7.846342E+01,  2.566600E+01,  7.014673E-08,  3.117332E-04,  1.441604E-02,  4.791671E-01,  2.263329E-01,  2.945000E-01
179000,  1.979842E+03,  4.635891E+02,  4.415077E+01,  9.529369E+01,  1.219032E+01,  9.322301E-01,  4.576074E-02,  2.928687E+00,  2.928687E+00,  6.591724E+01,  2.631122E+01,  6.541374E-08,  2.649183E-04,  1.328955E-02,  4.802466E-01,  2.236409E-01,  2.961125E-01
180000,  2.054128E+03,  4.286173E+02,  4.012405E+01,  8.451508E+01,  1.198243E+01,  9.612134E-01,  4.718345E-02,  3.019741E+00,  3.019741E+00,  5.888372E+01,  2.523914E+01,  5.787383E-08,  2.264566E-04,  1.228703E-02,  4.014423E-01,  2.724225E-01,  3.261353E-01
181000,  2.166393E+03,  4.095057E+02,  3.889503E+01,  8.136251E+01,  1.215750E+01,  9.905451E-01,  4.862327E-02,  3.111889E+00,  3.111889E+00,  5.791402E+01,  2.543164E+01,  5.131739E-08,  2.067119E-04,  1.173916E-02,  3.685896E-01,  2.875768E-01,  3.438336E-01
182000,  2.353890E+03,  3.726674E+02,  3.525635E+01,  7.321439E+01,  1.210949E+01,  1.036297E+00,  5.086913E-02,  3.255624E+00,  3.255624E+00,  5.228881E+01,  2.514693E+01,  4.283750E-08,  1.711940E-04,  1.068313E-02,  3.842770E-01,  2.707192E-01,  3.450038E-01
183000,  2.474360E+03,  3.685679E+02,  3.757565E+01,  7.527748E+01,  1.304965E+01,  1.081740E+00,  5.309979E-02,  3.398387E+00,  3.398387E+00,  6.005525E+01,  2.614313E+01,  3.608029E-08,  1.674483E-04,  1.056561E-02,  4.118478E-01,  2.572879E-01,  3.308643E-01
184000,  2.257816E+03,  3.959542E+02,  4.350076E+01,  7.927675E+01,  1.406248E+01,  1.083404E+00,  5.318149E-02,  3.403615E+00,  3.403615E+00,  7.492111E+01,  2.562777E+01,  3.585908E-08,  1.932571E-04,  1.135069E-02,  4.913806E-01,  2.541171E-01,  2.545022E-01
185000,  2.334787E+03,  3.869758E+02,  4.220908E+01,  7.830367E+01,  1.396150E+01,  1.091959E+00,  5.360141E-02,  3.430490E+00,  3.430490E+00,  7.217446E+01,  2.590051E+01,  3.474852E-08,  1.845922E-04,  1.109331E-02,  4.947694E-01,  2.906295E-01,  2.146011E-01
186000,  2.413759E+03,  3.907963E+02,  4.481496E+01,  8.255853E+01,  1.467853E+01,  1.114162E+00,  5.469129E-02,  3.500242E+00,  3.500242E+00,  8.056586E+01,  2.704093E+01,  3.206037E-08,  1.882550E-04,  1.120283E-02,  4.783897E-01,  2.929327E-01,  2.286777E-01
187000,  2.486100E+03,  3.884767E+02,  4.516270E+01,  8.402643E+01,  1.488075E+01,  1.125154E+00,  5.523088E-02,  3.534776E+00,  3.534776E+00,  8.230956E+01,  2.768604E+01,  3.082572E-08,  1.860269E-04,  1.113633E-02,  4.579453E-01,  3.079506E-01,  2.341041E-01
188000,  2.395642E+03,  4.156540E+02,  4.982656E+01,  9.269431E+01,  1.534401E+01,  1.104551E+00,  5.421951E-02,  3.470048E+00,  3.470048E+00,  9.363657E+01,  2.854507E+01,  3.319089E-08,  2.129657E-04,  1.191541E-02,  4.493327E-01,  3.251672E-01,  2.255001E-01
189000,  2.254262E+03,  4.092187E+02,  4.572008E+01,  8.454395E+01,  1.430084E+01,  1.074695E+00,  5.275396E-02,  3.376254E+00,  3.376254E+00,  8.007816E+01,  2.644460E+01,  3.703572E-08,  2.064223E-04,  1.173094E-02,  4.593431E-01,  2.824237E-01,  2.582331E-01
190000,  2.271260E+03,  4.125067E+02,  4.511721E+01,  8.655581E+01,  1.399978E+01,  1.059076E+00,  5.198728E-02,  3.327186E+00,  3.327186E+00,  7.735867E+01,  2.685809E+01,  3.926925E-08,  2.097528E-04,  1.182519E-02,  5.052030E-01,  2.578326E-01,  2.369645E-01
191000,  2.451491E+03,  3.906267E+02,  4.143718E+01,  8.377632E+01,  1.357808E+01,  1.071816E+00,  5.261266E-02,  3.367210E+00,  3.367210E+00,  6.890869E+01,  2.745171E+01,  3.743520E-08,  1.880916E-04,  1.119796E-02,  4.868486E-01,  2.633418E-01,  2.498095E-01
192000,  2.791904E+03,  3.453413E+02,  3.533591E+01,  7.457011E+01,  1.309718E+01,  1.119558E+00,  5.495620E-02,  3.517197E+00,  3.517197E+00,  5.668128E+01,  2.763925E+01,  3.144666E-08,  1.470086E-04,  9.899785E-03,  4.666640E-01,  2.820515E-01,  2.512845E-01
193000,  2.771552E+03,  3.675461E+02,  4.201616E+01,  8.385213E+01,  1.463236E+01,  1.147053E+00,  5.630583E-02,  3.603573E+00,  3.603573E+00,  7.529679E+01,  2.920197E+01,  2.853828E-08,  1.665212E-04,  1.053632E-02,  5.121765E-01,  2.745757E-01,  2.132477E-01
194000,  2.702850E+03,  3.750507E+02,  4.453917E+01,  8.514694E+01,  1.520065E+01,  1.157359E+00,  5.681175E-02,  3.635952E+00,  3.635952E+00,  8.291819E+01,  2.905956E+01,  2.753522E-08,  1.733906E-04,  1.075145E-02,  5.434112E-01,  2.179854E-01,  2.386034E-01
195000,  2.427220E+03,  3.826215E+02,  4.430908E+01,  7.958202E+01,  1.482291E+01,  1.131525E+00,  5.554361E-02,  3.554791E+00,  3.554791E+00,  8.043990E+01,  2.662292E+01,  3.013734E-08,  1.804614E-04,  1.096848E-02,  5.087656E-01,  2.265978E-01,  2.646366E-01
196000,  2.577167E+03,  4.027129E+02,  4.712714E+01,  9.360535E+01,  1.497910E+01,  1.108734E+00,  5.442484E-02,  3.483190E+00,  3.483190E+00,  8.645741E+01,  2.975193E+01,  3.269284E-08,  1.999110E-04,  1.154444E-02,  5.452557E-01,  1.859997E-01,  2.687446E-01
197000,  2.313826E+03,  3.830564E+02,  4.220256E+01,  7.603674E+01,  1.410217E+01,  1.103047E+00,  5.414567E-02,  3.465323E+00,  3.465323E+00,  7.289044E+01,  2.540801E+01,  3.337230E-08,  1.808719E-04,  1.098095E-02,  4.987768E-01,  2.114482E-01,  2.897751E-01
198000,  2.073378E+03,  4.380854E+02,  5.127763E+01,  8.911755E+01,  1.498232E+01,  1.063145E+00,  5.218700E-02,  3.339968E+00,  3.339968E+00,  9.409201E+01,  2.603841E+01,  3.867159E-08,  2.365719E-04,  1.255845E-02,  5.324623E-01,  2.173535E-01,  2.501841E-01
199000,  2.236741E+03,  3.849728E+02,  4.006033E+01,  7.424088E+01,  1.331970E+01,  1.069336E+00,  5.249093E-02,  3.359420E+00,  3.359420E+00,  6.535135E+01,  2.468443E+01,  3.778367E-08,  1.826862E-04,  1.103589E-02,  4.833387E-01,  2.537849E-01,  2.628763E-01
200000,  2.192222E+03,  3.838835E+02,  4.004312E+01,  7.235203E+01,  1.335176E+01,  1.072140E+00,  5.262857E-02,  3.368228E+00,  3.368228E+00,  6.548050E+01,  2.412466E+01,  3.738996E-08,  1.816539E-04,  1.100466E-02,  4.840830E-01,  2.641527E-01,  2.517644E-01
201000,  2.375143E+03,  4.029357E+02,  4.457579E+01,  8.636316E+01,  1.416033E+01,  1.077708E+00,  5.290185E-02,  3.385718E+00,  3.385718E+00,  7.730684E+01,  2.743486E+01,  3.662333E-08,  2.001323E-04,  1.155082E-02,  5.291218E-01,  2.412272E-01,  2.296510E-01
202000,  2.599697E+03,  3.860974E+02,  4.254620E+01,  8.679278E+01,  1.410502E+01,  1.098805E+00,  5.393747E-02,  3.451998E+00,  3.451998E+00,  7.349879E+01,  2.877377E+01,  3.389058E-08,  1.837551E-04,  1.106813E-02,  5.197631E-01,  2.340232E-01,  2.462136E-01
203000,  2.901613E+03,  3.712244E+02,  4.103183E+01,  8.955289E+01,  1.414798E+01,  1.122306E+00,  5.509105E-02,  3.525827E+00,  3.525827E+00,  7.109858E+01,  3.087828E+01,  3.113989E-08,  1.698708E-04,  1.064177E-02,  4.812377E-01,  2.494450E-01,  2.693173E-01
204000,  2.972544E+03,  3.736738E+02,  4.344524E+01,  9.295673E+01,  1.488194E+01,  1.147270E+00,  5.631648E-02,  3.604255E+00,  3.604255E+00,  7.918581E+01,  3.184184E+01,  2.851669E-08,  1.721198E-04,  1.071198E-02,  5.495101E-01,  2.231661E-01,  2.273238E-01
205000,  3.027608E+03,  3.740736E+02,  4.531239E+01,  9.488136E+01,  1.550493E+01,  1.170412E+00,  5.745245E-02,  3.676957E+00,  3.676957E+00,  8.604634E+01,  3.246638E+01,  2.632735E-08,  1.724883E-04,  1.072344E-02,  5.654354E-01,  2.337774E-01,  2.007872E-01
206000,  2.816892E+03,  4.198394E+02,  5.435767E+01,  1.111998E+02,  1.657248E+01,  1.142179E+00,  5.606661E-02,  3.588263E+00,  3.588263E+00,  1.103301E+02,  3.390242E+01,  2.902847E-08,  2.172762E-04,  1.203540E-02,  5.333616E-01,  2.657161E-01,  2.009224E-01
207000,  2.741931E+03,  4.210809E+02,  5.222725E+01,  1.088817E+02,  1.587602E+01,  1.116272E+00,  5.479489E-02,  3.506873E+00,  3.506873E+00,  1.015510E+02,  3.309781E+01,  3.181858E-08,  2.185631E-04,  1.207099E-02,  5.333579E-01,  2.190285E-01,  2.476136E-01
208000,  2.605098E+03,  4.295062E+02,  5.299575E+01,  1.076292E+02,  1.579361E+01,  1.102397E+00,  5.411381E-02,  3.463284E+00,  3.463284E+00,  1.025105E+02,  3.207530E+01,  3.345097E-08,  2.273969E-04,  1.231251E-02,  5.224813E-01,  2.333824E-01,  2.441362E-01
209000,  2.414779E+03,  4.239692E+02,  5.023931E+01,  9.721051E+01,  1.516769E+01,  1.087363E+00,  5.337583E-02,  3.416053E+00,  3.416053E+00,  9.332726E+01,  2.934870E+01,  3.533970E-08,  2.215717E-04,  1.215378E-02,  4.794552E-01,  2.319430E-01,  2.886018E-01
210000,  2.305388E+03,  4.212271E+02,  4.777590E+01,  9.161020E+01,  1.451786E+01,  1.067273E+00,  5.238962E-02,  3.352936E+00,  3.352936E+00,  8.494874E+01,  2.783797E+01,  3.807678E-08,  2.187148E-04,  1.207518E-02,  4.962599E-01,  2.240455E-01,  2.796946E-01
211000,  2.256339E+03,  4.397620E+02,  5.017414E+01,  9.772529E+01,  1.460401E+01,  1.047634E+00,  5.142559E-02,  3.291238E+00,  3.291238E+00,  8.974240E+01,  2.844456E+01,  4.101322E-08,  2.383862E-04,  1.260651E-02,  5.072056E-01,  2.034208E-01,  2.893736E-01
212000,  2.339466E+03,  4.342952E+02,  4.806615E+01,  9.882207E+01,  1.416656E+01,  1.038297E+00,  5.096731E-02,  3.261908E+00,  3.261908E+00,  8.339677E+01,  2.912587E+01,  4.250836E-08,  2.324961E-04,  1.244980E-02,  4.823480E-01,  2.143910E-01,  3.032610E-01
213000,  2.429687E+03,  4.287892E+02,  4.685159E+01,  1.000473E+02,  1.398590E+01,  1.038258E+00,  5.096539E-02,  3.261785E+00,  3.261785E+00,  8.025283E+01,  2.986561E+01,  4.251477E-08,  2.266384E-04,  1.229196E-02,  4.840195E-01,  2.495521E-01,  2.664283E-01
214000,  2.333744E+03,  4.854035E+02,  5.875778E+01,  1.231477E+02,  1.549432E+01,  1.027110E+00,  5.041815E-02,  3.226761E+00,  3.226761E+00,  1.115022E+02,  3.247382E+01,  4.439087E-08,  2.904366E-04,  1.391490E-02,  5.608520E-01,  2.271219E-01,  2.120261E-01
215000,  2.215870E+03,  4.473889E+02,  4.825165E+01,  9.933033E+01,  1.380502E+01,  1.009853E+00,  4.957103E-02,  3.172546E+00,  3.172546E+00,  8.158206E+01,  2.841886E+01,  4.750391E-08,  2.467266E-04,  1.282515E-02,  4.589474E-01,  2.833482E-01,  2.577045E-01
216000,  2.298090E+03,  4.174973E+02,  4.208922E+01,  8.971019E+01,  1.290408E+01,  1.010692E+00,  4.961224E-02,  3.175183E+00,  3.175183E+00,  6.651869E+01,  2.750414E+01,  4.734629E-08,  2.148588E-04,  1.196826E-02,  3.719158E-01,  3.689530E-01,  2.591312E-01
217000,  2.365025E+03,  4.170766E+02,  4.290450E+01,  9.213714E+01,  1.316731E+01,  1.021463E+00,  5.014096E-02,  3.209021E+00,  3.209021E+00,  6.919032E+01,  2.827671E+01,  4.538064E-08,  2.144259E-04,  1.195620E-02,  3.971097E-01,  3.251971E-01,  2.776932E-01
218000,  2.314053E+03,  3.911237E+02,  3.945362E+01,  7.928093E+01,  1.291168E+01,  1.044519E+00,  5.127273E-02,  3.281455E+00,  3.281455E+00,  6.239005E+01,  2.594565E+01,  4.150452E-08,  1.885705E-04,  1.121221E-02,  3.962416E-01,  3.256541E-01,  2.781044E-01
219000,  2.450048E+03,  4.047717E+02,  4.362076E+01,  8.990051E+01,  1.379409E+01,  1.061265E+00,  5.209470E-02,  3.334061E+00,  3.334061E+00,  7.369398E+01,  2.842903E+01,  3.894636E-08,  2.019603E-04,  1.160346E-02,  5.005895E-01,  2.393648E-01,  2.600457E-01
220000,  2.717453E+03,  3.571493E+02,  3.769279E+01,  7.762985E+01,  1.350885E+01,  1.118064E+00,  5.488282E-02,  3.512500E+00,  3.512500E+00,  6.236233E+01,  2.782204E+01,  3.161517E-08,  1.572335E-04,  1.023828E-02,  5.138393E-01,  2.391804E-01,  2.469804E-01
221000,  2.871067E+03,  3.761665E+02,  4.393320E+01,  9.098519E+01,  1.494936E+01,  1.146050E+00,  5.625658E-02,  3.600421E+00,  3.600421E+00,  8.043798E+01,  3.095997E+01,  2.863833E-08,  1.744239E-04,  1.078344E-02,  6.124895E-01,  1.917182E-01,  1.957923E-01
222000,  2.957591E+03,  3.883384E+02,  4.757373E+01,  9.989093E+01,  1.568075E+01,  1.155209E+00,  5.670617E-02,  3.629195E+00,  3.629195E+00,  9.136494E+01,  3.292499E+01,  2.774086E-08,  1.858944E-04,  1.113237E-02,  6.468029E-01,  1.820349E-01,  1.711623E-01
223000,  2.906692E+03,  3.975092E+02,  4.705871E+01,  1.028634E+02,  1.515314E+01,  1.122432E+00,  5.509724E-02,  3.526223E+00,  3.526223E+00,  8.733501E+01,  3.312252E+01,  3.112589E-08,  1.947781E-04,  1.139527E-02,  6.071760E-01,  1.980043E-01,  1.948197E-01
224000,  2.932300E+03,  3.379658E+02,  3.604916E+01,  7.501033E+01,  1.365313E+01,  1.155479E+00,  5.671943E-02,  3.630044E+00,  3.630044E+00,  6.027996E+01,  2.840915E+01,  2.771493E-08,  1.407963E-04,  9.688353E-03,  4.708754E-01,  2.389763E-01,  2.901482E-01
225000,  2.962079E+03,  3.265189E+02,  3.638965E+01,  7.072623E+01,  1.426526E+01,  1.201622E+00,  5.898447E-02,  3.775006E+00,  3.775006E+00,  6.357745E+01,  2.772568E+01,  2.369683E-08,  1.314203E-04,  9.360208E-03,  4.312288E-01,  2.642682E-01,  3.045030E-01
226000,  2.886313E+03,  3.436275E+02,  4.200684E+01,  7.632845E+01,  1.564740E+01,  1.226759E+00,  6.021839E-02,  3.853977E+00,  3.853977E+00,  8.050220E+01,  2.843207E+01,  2.181346E-08,  1.455531E-04,  9.850656E-03,  4.526292E-01,  2.708594E-01,  2.765115E-01
227000,  2.696375E+03,  3.794962E+02,  4.862202E+01,  8.696857E+01,  1.639969E+01,  1.195078E+00,  5.866326E-02,  3.754448E+00,  3.754448E+00,  9.765942E+01,  2.933357E+01,  2.422014E-08,  1.775254E-04,  1.087889E-02,  5.085800E-01,  2.264866E-01,  2.649335E-01
228000,  2.875510E+03,  3.581755E+02,  4.388989E+01,  8.261784E+01,  1.568479E+01,  1.203022E+00,  5.905320E-02,  3.779405E+00,  3.779405E+00,  8.431187E+01,  2.952487E+01,  2.358670E-08,  1.581384E-04,  1.026770E-02,  4.514480E-01,  2.729201E-01,  2.756319E-01
229000,  2.651149E+03,  3.852193E+02,  4.821828E+01,  8.810842E+01,  1.602189E+01,  1.172425E+00,  5.755127E-02,  3.683281E+00,  3.683281E+00,  9.461739E+01,  2.927652E+01,  2.614698E-08,  1.829202E-04,  1.104295E-02,  4.480506E-01,  2.801030E-01,  2.718464E-01
230000,  2.505958E+03,  3.899661E+02,  4.686328E+01,  8.534827E+01,  1.538210E+01,  1.141765E+00,  5.604624E-02,  3.586960E+00,  3.586960E+00,  8.828643E+01,  2.801417E+01,  2.907067E-08,  1.874560E-04,  1.117903E-02,  4.272680E-01,  3.052200E-01,  2.675119E-01
231000,  2.552497E+03,  3.829673E+02,  4.443374E+01,  8.384087E+01,  1.485119E+01,  1.132092E+00,  5.557146E-02,  3.556573E+00,  3.556573E+00,  8.082014E+01,  2.802232E+01,  3.007695E-08,  1.807877E-04,  1.097840E-02,  4.624956E-01,  2.842785E-01,  2.532260E-01
232000,  2.661305E+03,  3.925486E+02,  4.569527E+01,  9.184354E+01,  1.490006E+01,  1.120029E+00,  5.497931E-02,  3.518676E+00,  3.518676E+00,  8.338824E+01,  2.994782E+01,  3.139380E-08,  1.899470E-04,  1.125306E-02,  4.858900E-01,  2.634662E-01,  2.506438E-01
233000,  2.551115E+03,  4.347005E+02,  5.378577E+01,  1.079637E+02,  1.583752E+01,  1.097314E+00,  5.386425E-02,  3.447312E+00,  3.447312E+00,  1.043278E+02,  3.179051E+01,  3.407522E-08,  2.329303E-04,  1.246141E-02,  5.478333E-01,  2.497334E-01,  2.024332E-01
234000,  2.385156E+03,  4.244368E+02,  4.805153E+01,  9.622991E+01,  1.449119E+01,  1.062252E+00,  5.214319E-02,  3.337164E+00,  3.337164E+00,  8.528193E+01,  2.902064E+01,  3.880169E-08,  2.220607E-04,  1.216719E-02,  4.890845E-01,  2.848822E-01,  2.260334E-01
235000,  2.263865E+03,  3.874530E+02,  4.000404E+01,  7.611246E+01,  1.321584E+01,  1.061745E+00,  5.211827E-02,  3.335569E+00,  3.335569E+00,  6.475067E+01,  2.514471E+01,  3.887597E-08,  1.850477E-04,  1.110699E-02,  4.144425E-01,  2.718753E-01,  3.136823E-01
236000,  2.529173E+03,  3.736898E+02,  3.941574E+01,  7.909852E+01,  1.350107E+01,  1.092725E+00,  5.363899E-02,  3.432896E+00,  3.432896E+00,  6.517539E+01,  2.709362E+01,  3.465124E-08,  1.721346E-04,  1.071244E-02,  4.343000E-01,  2.417274E-01,  3.239726E-01
237000,  2.812704E+03,  3.587204E+02,  3.828415E+01,  8.105942E+01,  1.366070E+01,  1.121865E+00,  5.506941E-02,  3.524442E+00,  3.524442E+00,  6.405270E+01,  2.892393E+01,  3.118885E-08,  1.586200E-04,  1.028332E-02,  5.030282E-01,  1.977107E-01,  2.992611E-01
238000,  2.654565E+03,  3.738208E+02,  4.256972E+01,  8.307828E+01,  1.457630E+01,  1.135205E+00,  5.572423E-02,  3.566350E+00,  3.566350E+00,  7.599652E+01,  2.844684E+01,  2.974850E-08,  1.722553E-04,  1.071620E-02,  4.820312E-01,  2.186082E-01,  2.993606E-01
239000,  2.889827E+03,  3.236882E+02,  3.469790E+01,  6.780985E+01,  1.372102E+01,  1.183619E+00,  5.810076E-02,  3.718449E+00,  3.718449E+00,  5.830893E+01,  2.681488E+01,  2.517178E-08,  1.291515E-04,  9.279062E-03,  4.402494E-01,  2.208597E-01,  3.388909E-01
240000,  2.929070E+03,  3.338765E+02,  3.844463E+01,  7.312545E+01,  1.473872E+01,  1.207867E+00,  5.929105E-02,  3.794627E+00,  3.794627E+00,  6.939708E+01,  2.803449E+01,  2.321051E-08,  1.374097E-04,  9.571126E-03,  4.765585E-01,  2.287054E-01,  2.947361E-01
241000,  2.579304E+03,  3.658501E+02,  4.483213E+01,  7.731721E+01,  1.568542E+01,  1.190361E+00,  5.843171E-02,  3.739629E+00,  3.739629E+00,  8.612539E+01,  2.705098E+01,  2.460633E-08,  1.649879E-04,  1.048770E-02,  5.033370E-01,  2.364768E-01,  2.601862E-01
242000,  2.702035E+03,  3.785281E+02,  4.688476E+01,  8.670707E+01,  1.585417E+01,  1.176535E+00,  5.775303E-02,  3.696194E+00,  3.696194E+00,  9.103761E+01,  2.932016E+01,  2.578352E-08,  1.766209E-04,  1.085114E-02,  5.385873E-01,  2.095283E-01,  2.518843E-01
243000,  2.607341E+03,  3.847001E+02,  4.768893E+01,  8.641908E+01,  1.586738E+01,  1.167545E+00,  5.731174E-02,  3.667952E+00,  3.667952E+00,  9.267628E+01,  2.875394E+01,  2.658684E-08,  1.824275E-04,  1.102807E-02,  5.377521E-01,  2.402869E-01,  2.219611E-01
244000,  2.362873E+03,  4.547820E+02,  5.995349E+01,  1.094496E+02,  1.687412E+01,  1.107366E+00,  5.435770E-02,  3.478893E+00,  3.478893E+00,  1.239028E+02,  3.080497E+01,  3.285466E-08,  2.549483E-04,  1.303708E-02,  5.889701E-01,  2.152173E-01,  1.958126E-01
245000,  2.388099E+03,  4.182902E+02,  4.854295E+01,  9.357827E+01,  1.485452E+01,  1.083359E+00,  5.317929E-02,  3.403474E+00,  3.403474E+00,  8.831414E+01,  2.863567E+01,  3.586504E-08,  2.156756E-04,  1.199099E-02,  4.562540E-01,  2.738512E-01,  2.698948E-01
246000,  2.173551E+03,  4.635074E+02,  5.475258E+01,  1.045804E+02,  1.512021E+01,  1.038324E+00,  5.096861E-02,  3.261991E+00,  3.261991E+00,  1.013930E+02,  2.888043E+01,  4.250404E-08,  2.648250E-04,  1.328721E-02,  4.695475E-01,  2.457584E-01,  2.846940E-01
247000,  2.251800E+03,  4.373948E+02,  4.735769E+01,  9.648154E+01,  1.385884E+01,  1.023314E+00,  5.023180E-02,  3.214835E+00,  3.214835E+00,  8.038277E+01,  2.823453E+01,  4.505327E-08,  2.358267E-04,  1.253865E-02,  4.581076E-01,  2.645748E-01,  2.773176E-01
248000,  2.246754E+03,  4.603259E+02,  5.100302E+01,  1.066236E+02,  1.418210E+01,  1.009066E+00,  4.953242E-02,  3.170075E+00,  3.170075E+00,  8.858942E+01,  2.964818E+01,  4.765218E-08,  2.612020E-04,  1.319601E-02,  5.465270E-01,  2.292109E-01,  2.242621E-01
249000,  2.211375E+03,  4.500049E+02,  4.773295E+01,  1.002915E+02,  1.357722E+01,  9.985712E-01,  4.901725E-02,  3.137104E+00,  3.137104E+00,  7.937339E+01,  2.852704E+01,  4.968729E-08,  2.496205E-04,  1.290014E-02,  5.059039E-01,  2.488829E-01,  2.452133E-01
250000,  1.998178E+03,  4.782704E+02,  5.296421E+01,  1.023643E+02,  1.417487E+01,  9.897032E-01,  4.858194E-02,  3.109244E+00,  3.109244E+00,  9.194903E+01,  2.739585E+01,  5.149223E-08,  2.819633E-04,  1.371042E-02,  4.596319E-01,  3.189115E-01,  2.214566E-01
251000,  1.844522E+03,  5.009155E+02,  5.359954E+01,  1.036526E+02,  1.369640E+01,  9.506118E-01,  4.666305E-02,  2.986435E+00,  2.986435E+00,  8.991110E+01,  2.648656E+01,  6.049906E-08,  3.092962E-04,  1.435958E-02,  4.628334E-01,  3.294233E-01,  2.077433E-01
252000,  1.818887E+03,  4.883287E+02,  4.778673E+01,  9.713983E+01,  1.252579E+01,  9.207221E-01,  4.519584E-02,  2.892534E+00,  2.892534E+00,  7.330911E+01,  2.546215E+01,  6.874598E-08,  2.939478E-04,  1.399876E-02,  4.347678E-01,  3.349783E-01,  2.302538E-01
253000,  1.915754E+03,  4.484696E+02,  4.152910E+01,  8.629248E+01,  1.185303E+01,  9.346099E-01,  4.587756E-02,  2.936164E+00,  2.936164E+00,  6.028754E+01,  2.462918E+01,  6.475002E-08,  2.479200E-04,  1.285613E-02,  4.156603E-01,  3.197040E-01,  2.646357E-01
254000,  2.089326E+03,  4.257941E+02,  3.993113E+01,  8.483455E+01,  1.200389E+01,  9.652578E-01,  4.738198E-02,  3.032447E+00,  3.032447E+00,  5.870557E+01,  2.550252E+01,  5.690995E-08,  2.234833E-04,  1.220610E-02,  3.783539E-01,  3.406197E-01,  2.810264E-01
255000,  2.425649E+03,  3.814439E+02,  3.540196E+01,  7.904175E+01,  1.187973E+01,  1.014542E+00,  4.980123E-02,  3.187279E+00,  3.187279E+00,  5.150857E+01,  2.652381E+01,  4.663166E-08,  1.793523E-04,  1.093472E-02,  3.643157E-01,  3.183723E-01,  3.173120E-01
256000,  2.775059E+03,  3.867752E+02,  4.020297E+01,  9.297298E+01,  1.330483E+01,  1.066246E+00,  5.233924E-02,  3.349712E+00,  3.349712E+00,  6.551083E+01,  3.076862E+01,  3.822358E-08,  1.844009E-04,  1.108756E-02,  4.883021E-01,  2.442802E-01,  2.674177E-01
257000,  2.723400E+03,  3.699090E+02,  3.919366E+01,  8.345810E+01,  1.356223E+01,  1.100779E+00,  5.403437E-02,  3.458200E+00,  3.458200E+00,  6.510171E+01,  2.887909E+01,  3.364812E-08,  1.686691E-04,  1.060406E-02,  4.848635E-01,  2.377799E-01,  2.773567E-01
258000,  2.801771E+03,  3.883108E+02,  4.502441E+01,  9.461476E+01,  1.484153E+01,  1.123910E+00,  5.516982E-02,  3.530869E+00,  3.530869E+00,  8.184125E+01,  3.118813E+01,  3.096241E-08,  1.858680E-04,  1.113158E-02,  5.382107E-01,  2.031693E-01,  2.586200E-01
259000,  2.618892E+03,  3.994189E+02,  4.759417E+01,  9.357119E+01,  1.525229E+01,  1.123402E+00,  5.514489E-02,  3.529273E+00,  3.529273E+00,  8.890669E+01,  2.998634E+01,  3.101844E-08,  1.966541E-04,  1.145001E-02,  5.797274E-01,  2.065828E-01,  2.136898E-01
260000,  2.477508E+03,  4.256371E+02,  5.071946E+01,  1.005220E+02,  1.525264E+01,  1.088266E+00,  5.342013E-02,  3.418888E+00,  3.418888E+00,  9.474698E+01,  3.022955E+01,  3.522261E-08,  2.233184E-04,  1.220160E-02,  5.610686E-01,  2.382764E-01,  2.006550E-01
261000,  2.392311E+03,  4.106909E+02,  4.558514E+01,  9.036812E+01,  1.420752E+01,  1.069261E+00,  5.248722E-02,  3.359182E+00,  3.359182E+00,  7.932081E+01,  2.816502E+01,  3.779434E-08,  2.079103E-04,  1.177314E-02,  4.627413E-01,  3.103088E-01,  2.269498E-01
262000,  2.498016E+03,  4.018640E+02,  4.336359E+01,  9.034846E+01,  1.381198E+01,  1.065787E+00,  5.231672E-02,  3.348270E+00,  3.348270E+00,  7.335452E+01,  2.877740E+01,  3.828945E-08,  1.990692E-04,  1.152010E-02,  4.924966E-01,  2.837772E-01,  2.237262E-01
263000,  2.613365E+03,  3.760529E+02,  4.039585E+01,  8.276851E+01,  1.374985E+01,  1.099276E+00,  5.396057E-02,  3.453476E+00,  3.453476E+00,  6.802683E+01,  2.817255E+01,  3.383258E-08,  1.743185E-04,  1.078018E-02,  4.733565E-01,  2.652867E-01,  2.613568E-01
264000,  2.581775E+03,  3.857914E+02,  4.345060E+01,  8.605791E+01,  1.441628E+01,  1.111303E+00,  5.455095E-02,  3.491261E+00,  3.491261E+00,  7.671751E+01,  2.855276E+01,  3.239155E-08,  1.834640E-04,  1.105935E-02,  4.893101E-01,  2.639687E-01,  2.467212E-01
265000,  2.605872E+03,  3.760623E+02,  4.284350E+01,  8.253537E+01,  1.458260E+01,  1.132061E+00,  5.556991E-02,  3.556474E+00,  3.556474E+00,  7.651834E+01,  2.809249E+01,  3.008033E-08,  1.743273E-04,  1.078045E-02,  4.682850E-01,  2.637147E-01,  2.680003E-01
266000,  2.895607E+03,  3.634073E+02,  4.189172E+01,  8.564346E+01,  1.475518E+01,  1.158397E+00,  5.686270E-02,  3.639213E+00,  3.639213E+00,  7.570391E+01,  3.016550E+01,  2.743665E-08,  1.627920E-04,  1.041768E-02,  4.270984E-01,  2.599537E-01,  3.129479E-01
267000,  2.547554E+03,  4.065562E+02,  5.068583E+01,  9.430438E+01,  1.595790E+01,  1.138963E+00,  5.590874E-02,  3.578159E+00,  3.578159E+00,  9.906220E+01,  2.969075E+01,  2.935772E-08,  2.037450E-04,  1.165461E-02,  4.879410E-01,  2.388935E-01,  2.731655E-01
268000,  2.490042E+03,  4.067269E+02,  4.882803E+01,  9.225283E+01,  1.536655E+01,  1.117426E+00,  5.485154E-02,  3.510498E+00,  3.510498E+00,  9.189481E+01,  2.903266E+01,  3.168736E-08,  2.039160E-04,  1.165950E-02,  4.754858E-01,  2.514623E-01,  2.730518E-01
269000,  2.290447E+03,  4.331653E+02,  5.163392E+01,  9.624865E+01,  1.525778E+01,  1.078949E+00,  5.296281E-02,  3.389620E+00,  3.389620E+00,  9.648775E+01,  2.844140E+01,  3.645501E-08,  2.312879E-04,  1.241740E-02,  5.423543E-01,  2.241217E-01,  2.335240E-01
270000,  2.407301E+03,  4.522960E+02,  5.326921E+01,  1.102918E+02,  1.507521E+01,  1.049549E+00,  5.151960E-02,  3.297254E+00,  3.297254E+00,  9.835248E+01,  3.121263E+01,  4.071472E-08,  2.521687E-04,  1.296582E-02,  6.090083E-01,  1.836571E-01,  2.073346E-01
271000,  2.277010E+03,  4.241351E+02,  4.553860E+01,  9.173619E+01,  1.374312E+01,  1.034839E+00,  5.079754E-02,  3.251042E+00,  3.251042E+00,  7.664974E+01,  2.768512E+01,  4.307949E-08,  2.217452E-04,  1.215854E-02,  5.060862E-01,  2.335246E-01,  2.603892E-01
272000,  2.322156E+03,  4.023537E+02,  4.125269E+01,  8.419277E+01,  1.312364E+01,  1.038258E+00,  5.096537E-02,  3.261783E+00,  3.261783E+00,  6.630586E+01,  2.678408E+01,  4.251485E-08,  1.995546E-04,  1.153414E-02,  4.360090E-01,  2.519086E-01,  3.120824E-01
273000,  2.349308E+03,  3.556887E+02,  3.426086E+01,  6.656521E+01,  1.232929E+01,  1.070326E+00,  5.253953E-02,  3.362530E+00,  3.362530E+00,  5.173473E+01,  2.395451E+01,  3.764406E-08,  1.559501E-04,  1.019641E-02,  3.917059E-01,  2.653205E-01,  3.429735E-01
274000,  2.828846E+03,  3.547017E+02,  3.641053E+01,  7.970822E+01,  1.313935E+01,  1.106464E+00,  5.431344E-02,  3.476060E+00,  3.476060E+00,  5.859308E+01,  2.876404E+01,  3.296188E-08,  1.550858E-04,  1.016811E-02,  4.188075E-01,  2.540906E-01,  3.271019E-01
275000,  2.937286E+03,  3.228792E+02,  3.314683E+01,  6.857941E+01,  1.314050E+01,  1.159760E+00,  5.692958E-02,  3.643493E+00,  3.643493E+00,  5.334570E+01,  2.718715E+01,  2.730797E-08,  1.285067E-04,  9.255872E-03,  3.569205E-01,  3.097649E-01,  3.333146E-01
276000,  2.939876E+03,  3.226862E+02,  3.587901E+01,  6.855781E+01,  1.423214E+01,  1.207333E+00,  5.926481E-02,  3.792948E+00,  3.792948E+00,  6.253975E+01,  2.719484E+01,  2.325163E-08,  1.283531E-04,  9.250337E-03,  3.855290E-01,  2.948506E-01,  3.196204E-01
277000,  2.734020E+03,  3.938591E+02,  5.174957E+01,  9.498402E+01,  1.681806E+01,  1.187954E+00,  5.831356E-02,  3.732068E+00,  3.732068E+00,  1.065928E+02,  3.086880E+01,  2.480635E-08,  1.912173E-04,  1.129063E-02,  5.759449E-01,  2.062039E-01,  2.178513E-01
278000,  2.654885E+03,  3.705377E+02,  4.515310E+01,  8.163525E+01,  1.559786E+01,  1.179502E+00,  5.789865E-02,  3.705514E+00,  3.705514E+00,  8.625777E+01,  2.820041E+01,  2.552509E-08,  1.692429E-04,  1.062208E-02,  4.878130E-01,  2.299474E-01,  2.822397E-01
279000,  3.003701E+03,  3.418510E+02,  3.963679E+01,  7.861357E+01,  1.484129E+01,  1.197842E+00,  5.879895E-02,  3.763133E+00,  3.763133E+00,  7.204697E+01,  2.943545E+01,  2.399734E-08,  1.440520E-04,  9.799727E-03,  3.295168E-01,  3.396307E-01,  3.308525E-01
280000,  2.909007E+03,  3.282405E+02,  3.765844E+01,  7.019343E+01,  1.468520E+01,  1.215979E+00,  5.968923E-02,  3.820111E+00,  3.820111E+00,  6.773107E+01,  2.737248E+01,  2.259734E-08,  1.328098E-04,  9.409563E-03,  3.273113E-01,  3.360690E-01,  3.366197E-01
281000,  2.742257E+03,  3.373438E+02,  3.979722E+01,  6.989095E+01,  1.510045E+01,  1.216300E+00,  5.970499E-02,  3.821119E+00,  3.821119E+00,  7.360177E+01,  2.651906E+01,  2.257349E-08,  1.402785E-04,  9.670524E-03,  3.210465E-01,  3.786615E-01,  3.002919E-01
282000,  2.568964E+03,  3.840603E+02,  4.762296E+01,  8.486411E+01,  1.587183E+01,  1.168681E+00,  5.736749E-02,  3.671520E+00,  3.671520E+00,  9.257396E+01,  2.828360E+01,  2.648365E-08,  1.818212E-04,  1.100973E-02,  4.493460E-01,  3.395563E-01,  2.110976E-01
283000,  2.640191E+03,  3.789152E+02,  4.500261E+01,  8.489591E+01,  1.520217E+01,  1.151500E+00,  5.652412E-02,  3.617544E+00,  3.617544E+00,  8.378936E+01,  2.867838E+01,  2.809997E-08,  1.769823E-04,  1.086224E-02,  4.775826E-01,  3.065006E-01,  2.159169E-01
284000,  2.756686E+03,  3.603209E+02,  4.069306E+01,  8.015553E+01,  1.445576E+01,  1.151484E+00,  5.652333E-02,  3.617493E+00,  3.617493E+00,  7.204549E+01,  2.847436E+01,  2.810154E-08,  1.600386E-04,  1.032920E-02,  4.523013E-01,  3.069342E-01,  2.407644E-01
285000,  2.550897E+03,  4.314083E+02,  5.480278E+01,  1.063254E+02,  1.626013E+01,  1.116092E+00,  5.478604E-02,  3.506306E+00,  3.506306E+00,  1.091371E+02,  3.154704E+01,  3.183916E-08,  2.294155E-04,  1.236704E-02,  4.771810E-01,  2.848562E-01,  2.379629E-01
286000,  2.442817E+03,  4.335090E+02,  5.291096E+01,  1.028145E+02,  1.562275E+01,  1.091344E+00,  5.357125E-02,  3.428560E+00,  3.428560E+00,  1.012392E+02,  3.035752E+01,  3.482685E-08,  2.316551E-04,  1.242726E-02,  4.477122E-01,  3.099747E-01,  2.423130E-01
287000,  2.481107E+03,  3.981573E+02,  4.447673E+01,  8.808905E+01,  1.429843E+01,  1.089429E+00,  5.347723E-02,  3.422543E+00,  3.422543E+00,  7.788731E+01,  2.831896E+01,  3.507241E-08,  1.954137E-04,  1.141384E-02,  4.068325E-01,  3.132885E-01,  2.798789E-01
288000,  2.229469E+03,  4.349230E+02,  5.110458E+01,  9.444815E+01,  1.504033E+01,  1.069066E+00,  5.247768E-02,  3.358571E+00,  3.358571E+00,  9.413754E+01,  2.779656E+01,  3.782184E-08,  2.331688E-04,  1.246779E-02,  4.756407E-01,  2.371269E-01,  2.872323E-01
289000,  2.190029E+03,  4.289834E+02,  4.800805E+01,  9.026055E+01,  1.432463E+01,  1.050519E+00,  5.156722E-02,  3.300302E+00,  3.300302E+00,  8.422543E+01,  2.693193E+01,  4.056454E-08,  2.268436E-04,  1.229752E-02,  4.373997E-01,  2.351271E-01,  3.274731E-01
290000,  2.213039E+03,  4.100676E+02,  4.417535E+01,  8.334264E+01,  1.378905E+01,  1.054197E+00,  5.174777E-02,  3.311857E+00,  3.311857E+00,  7.460365E+01,  2.601487E+01,  4.000136E-08,  2.072796E-04,  1.175527E-02,  4.291353E-01,  2.590872E-01,  3.117775E-01
291000,  2.065583E+03,  4.319422E+02,  4.768048E+01,  8.631001E+01,  1.412944E+01,  1.039757E+00,  5.103895E-02,  3.266493E+00,  3.266493E+00,  8.251087E+01,  2.557676E+01,  4.227018E-08,  2.299836E-04,  1.238234E-02,  4.508327E-01,  2.404626E-01,  3.087048E-01
292000,  2.419567E+03,  4.104489E+02,  4.280255E+01,  9.128998E+01,  1.334813E+01,  1.036723E+00,  5.089004E-02,  3.256962E+00,  3.256962E+00,  6.997385E+01,  2.846911E+01,  4.276713E-08,  2.076653E-04,  1.176620E-02,  4.989613E-01,  2.293071E-01,  2.717316E-01
293000,  2.605243E+03,  3.641990E+02,  3.607136E+01,  7.739144E+01,  1.267750E+01,  1.072580E+00,  5.265015E-02,  3.369610E+00,  3.369610E+00,  5.600693E+01,  2.719970E+01,  3.732870E-08,  1.635020E-04,  1.044037E-02,  4.047090E-01,  2.256440E-01,  3.696470E-01
294000,  2.668226E+03,  3.717736E+02,  4.100692E+01,  8.259370E+01,  1.411850E+01,  1.120307E+00,  5.499296E-02,  3.519549E+00,  3.519549E+00,  7.090737E+01,  2.843665E+01,  3.136265E-08,  1.703738E-04,  1.065751E-02,  4.336573E-01,  1.927394E-01,  3.736033E-01
295000,  2.469870E+03,  4.220713E+02,  5.191315E+01,  9.854010E+01,  1.574351E+01,  1.110299E+00,  5.450168E-02,  3.488108E+00,  3.488108E+00,  1.000978E+02,  2.988389E+01,  3.250884E-08,  2.195924E-04,  1.209938E-02,  5.472280E-01,  1.704904E-01,  2.822816E-01
296000,  2.438584E+03,  3.727627E+02,  4.014063E+01,  7.588743E+01,  1.378357E+01,  1.105470E+00,  5.426461E-02,  3.472935E+00,  3.472935E+00,  6.776282E+01,  2.605838E+01,  3.308067E-08,  1.712815E-04,  1.068586E-02,  4.510026E-01,  2.416960E-01,  3.073015E-01
297000,  2.458173E+03,  3.854273E+02,  4.301297E+01,  8.178332E+01,  1.428456E+01,  1.106737E+00,  5.432682E-02,  3.476916E+00,  3.476916E+00,  7.525093E+01,  2.716015E+01,  3.292942E-08,  1.831178E-04,  1.104892E-02,  4.805097E-01,  2.388020E-01,  2.806883E-01
298000,  2.405065E+03,  4.238220E+02,  5.025908E+01,  9.675221E+01,  1.517893E+01,  1.087955E+00,  5.340488E-02,  3.417912E+00,  3.417912E+00,  9.343321E+01,  2.922048E+01,  3.526286E-08,  2.214178E-04,  1.214956E-02,  5.104873E-01,  2.476405E-01,  2.418722E-01
299000,  2.329719E+03,  4.395395E+02,  5.192332E+01,  1.008014E+02,  1.512079E+01,  1.066278E+00,  5.234080E-02,  3.349811E+00,  3.349811E+00,  9.615733E+01,  2.935477E+01,  3.821904E-08,  2.381450E-04,  1.260013E-02,  5.029680E-01,  2.446478E-01,  2.523842E-01
300000,  2.373029E+03,  4.134132E+02,  4.642148E+01,  9.083205E+01,  1.437291E+01,  1.071920E+00,  5.261774E-02,  3.367535E+00,  3.367535E+00,  8.171640E+01,  2.812320E+01,  3.742074E-08,  2.106757E-04,  1.185118E-02,  4.646721E-01,  2.856311E-01,  2.496968E-01
301000,  2.226493E+03,  4.558252E+02,  5.377252E+01,  1.036061E+02,  1.509983E+01,  1.046331E+00,  5.136165E-02,  3.287145E+00,  3.287145E+00,  9.944387E+01,  2.909356E+01,  4.121786E-08,  2.561193E-04,  1.306699E-02,  5.020078E-01,  2.588672E-01,  2.391249E-01
302000,  2.157658E+03,  4.482649E+02,  5.011545E+01,  9.710004E+01,  1.431024E+01,  1.027160E+00,  5.042062E-02,  3.226919E+00,  3.226919E+00,  8.783427E+01,  2.772647E+01,  4.438218E-08,  2.476938E-04,  1.285026E-02,  4.823712E-01,  2.970349E-01,  2.205939E-01
303000,  2.264221E+03,  4.067198E+02,  4.212971E+01,  8.388354E+01,  1.325877E+01,  1.037973E+00,  5.095138E-02,  3.260889E+00,  3.260889E+00,  6.841278E+01,  2.639924E+01,  4.256152E-08,  2.039089E-04,  1.165930E-02,  4.294427E-01,  3.289715E-01,  2.415858E-01
304000,  2.364363E+03,  4.249828E+02,  4.656649E+01,  9.563660E+01,  1.402530E+01,  1.044366E+00,  5.126517E-02,  3.280971E+00,  3.280971E+00,  7.998917E+01,  2.880466E+01,  4.152899E-08,  2.226324E-04,  1.218284E-02,  4.920301E-01,  2.519997E-01,  2.559702E-01
305000,  2.495285E+03,  4.097169E+02,  4.478667E+01,  9.381132E+01,  1.399184E+01,  1.062374E+00,  5.214919E-02,  3.337548E+00,  3.337548E+00,  7.674837E+01,  2.930767E+01,  3.878386E-08,  2.069252E-04,  1.174522E-02,  4.414304E-01,  3.036805E-01,  2.548891E-01
306000,  2.514796E+03,  3.997273E+02,  4.360758E+01,  8.999068E+01,  1.396395E+01,  1.074495E+00,  5.274415E-02,  3.375626E+00,  3.375626E+00,  7.457887E+01,  2.881667E+01,  3.706329E-08,  1.969578E-04,  1.145885E-02,  3.883939E-01,  3.500300E-01,  2.615761E-01
307000,  2.595292E+03,  4.099874E+02,  4.672597E+01,  9.769996E+01,  1.458807E+01,  1.084416E+00,  5.323113E-02,  3.406792E+00,  3.406792E+00,  8.348371E+01,  3.050239E+01,  3.572550E-08,  2.071985E-04,  1.175297E-02,  4.389786E-01,  2.833531E-01,  2.776683E-01
308000,  2.430808E+03,  4.179823E+02,  4.966518E+01,  9.511164E+01,  1.520912E+01,  1.096618E+00,  5.383010E-02,  3.445126E+00,  3.445126E+00,  9.251277E+01,  2.912633E+01,  3.416178E-08,  2.153582E-04,  1.198216E-02,  4.350977E-01,  2.671999E-01,  2.977025E-01
309000,  2.476347E+03,  4.274570E+02,  5.084154E+01,  1.013360E+02,  1.522426E+01,  1.084936E+00,  5.325667E-02,  3.408427E+00,  3.408427E+00,  9.479829E+01,  3.034459E+01,  3.565704E-08,  2.252322E-04,  1.225377E-02,  4.699378E-01,  1.939307E-01,  3.361316E-01
310000,  2.369245E+03,  4.729943E+02,  5.758673E+01,  1.187105E+02,  1.558391E+01,  1.043500E+00,  5.122270E-02,  3.278253E+00,  3.278253E+00,  1.099119E+02,  3.212500E+01,  4.166693E-08,  2.757766E-04,  1.355917E-02,  5.089052E-01,  2.039646E-01,  2.871301E-01
311000,  2.250975E+03,  4.751878E+02,  5.329740E+01,  1.138331E+02,  1.435657E+01,  9.992517E-01,  4.905066E-02,  3.139242E+00,  3.139242E+00,  9.371354E+01,  3.066289E+01,  4.955209E-08,  2.783404E-04,  1.362205E-02,  4.869499E-01,  2.223853E-01,  2.906649E-01
312000,  2.223689E+03,  4.535534E+02,  4.835815E+01,  1.024468E+02,  1.364744E+01,  9.972259E-01,  4.895121E-02,  3.132878E+00,  3.132878E+00,  8.082887E+01,  2.891211E+01,  4.995596E-08,  2.535727E-04,  1.300186E-02,  4.802940E-01,  2.635629E-01,  2.561431E-01
313000,  2.268699E+03,  4.702296E+02,  5.186668E+01,  1.123477E+02,  1.411850E+01,  9.961423E-01,  4.889802E-02,  3.129473E+00,  3.129473E+00,  8.968555E+01,  3.058188E+01,  5.017368E-08,  2.725622E-04,  1.347992E-02,  5.627788E-01,  2.203821E-01,  2.168391E-01
314000,  2.325327E+03,  4.717980E+02,  5.271163E+01,  1.159214E+02,  1.430080E+01,  1.000885E+00,  4.913084E-02,  3.144374E+00,  3.144374E+00,  9.232350E+01,  3.144977E+01,  4.922939E-08,  2.743834E-04,  1.352488E-02,  5.481237E-01,  2.201449E-01,  2.317314E-01
315000,  2.244393E+03,  4.450149E+02,  4.809316E+01,  9.954402E+01,  1.383308E+01,  1.013571E+00,  4.975356E-02,  3.184228E+00,  3.184228E+00,  8.147937E+01,  2.863193E+01,  4.681063E-08,  2.441152E-04,  1.275709E-02,  4.671802E-01,  2.383423E-01,  2.944775E-01
316000,  2.103944E+03,  4.703757E+02,  5.304453E+01,  1.042536E+02,  1.443463E+01,  1.007077E+00,  4.943477E-02,  3.163825E+00,  3.163825E+00,  9.377603E+01,  2.836980E+01,  4.802985E-08,  2.727316E-04,  1.348410E-02,  5.200980E-01,  2.199323E-01,  2.599697E-01
317000,  2.064142E+03,  4.598791E+02,  5.006931E+01,  9.776740E+01,  1.393599E+01,  1.000759E+00,  4.912462E-02,  3.143976E+00,  3.143976E+00,  8.545849E+01,  2.721199E+01,  4.925433E-08,  2.606952E-04,  1.318320E-02,  4.924014E-01,  2.603139E-01,  2.472847E-01
318000,  2.210296E+03,  4.208681E+02,  4.242316E+01,  8.768184E+01,  1.290230E+01,  1.006567E+00,  4.940974E-02,  3.162224E+00,  3.162224E+00,  6.703717E+01,  2.666697E+01,  4.812723E-08,  2.183422E-04,  1.206489E-02,  3.910514E-01,  3.345637E-01,  2.743849E-01
319000,  2.203305E+03,  4.345808E+02,  4.553194E+01,  9.319290E+01,  1.341083E+01,  1.009892E+00,  4.957293E-02,  3.172668E+00,  3.172668E+00,  7.478551E+01,  2.744873E+01,  4.749661E-08,  2.328020E-04,  1.245798E-02,  3.980084E-01,  3.030250E-01,  2.989666E-01
320000,  1.893840E+03,  4.401503E+02,  4.489445E+01,  8.216988E+01,  1.305574E+01,  9.901077E-01,  4.860180E-02,  3.110515E+00,  3.110515E+00,  7.178600E+01,  2.389580E+01,  5.140812E-08,  2.388073E-04,  1.261764E-02,  4.162673E-01,  2.574786E-01,  3.262541E-01
321000,  1.942799E+03,  4.379178E+02,  4.350199E+01,  8.344119E+01,  1.271529E+01,  9.796006E-01,  4.808603E-02,  3.077506E+00,  3.077506E+00,  6.774560E+01,  2.438922E+01,  5.364945E-08,  2.363910E-04,  1.255365E-02,  4.575747E-01,  2.560370E-01,  2.863883E-01
322000,  1.976974E+03,  3.999332E+02,  3.708776E+01,  7.081792E+01,  1.187006E+01,  9.904099E-01,  4.861663E-02,  3.111465E+00,  3.111465E+00,  5.391745E+01,  2.266552E+01,  5.134541E-08,  1.971608E-04,  1.146475E-02,  3.919751E-01,  2.973735E-01,  3.106514E-01
323000,  2.237167E+03,  3.881447E+02,  3.771854E+01,  7.548365E+01,  1.243859E+01,  1.029132E+00,  5.051739E-02,  3.233113E+00,  3.233113E+00,  5.746079E+01,  2.489254E+01,  4.404308E-08,  1.857090E-04,  1.112681E-02,  3.960837E-01,  2.741210E-01,  3.297953E-01
324000,  2.297122E+03,  3.809062E+02,  3.854164E+01,  7.464270E+01,  1.295156E+01,  1.060069E+00,  5.203603E-02,  3.330306E+00,  3.330306E+00,  6.113614E+01,  2.508299E+01,  3.912231E-08,  1.788470E-04,  1.091931E-02,  4.347210E-01,  2.692985E-01,  2.959804E-01
325000,  2.303765E+03,  4.186372E+02,  4.654796E+01,  9.042345E+01,  1.423222E+01,  1.059985E+00,  5.203188E-02,  3.330040E+00,  3.330040E+00,  8.113702E+01,  2.764733E+01,  3.913479E-08,  2.160336E-04,  1.200093E-02,  5.147464E-01,  2.210488E-01,  2.642047E-01
326000,  2.209045E+03,  4.029152E+02,  4.418254E+01,  8.031547E+01,  1.403612E+01,  1.072998E+00,  5.267066E-02,  3.370922E+00,  3.370922E+00,  7.595274E+01,  2.551500E+01,  3.727058E-08,  2.001120E-04,  1.155024E-02,  4.495881E-01,  2.322077E-01,  3.182042E-01
327000,  2.386885E+03,  4.284496E+02,  4.806526E+01,  9.812916E+01,  1.435958E+01,  1.052454E+00,  5.166222E-02,  3.306382E+00,  3.306382E+00,  8.453150E+01,  2.931624E+01,  4.026698E-08,  2.262794E-04,  1.228222E-02,  4.969161E-01,  2.075692E-01,  2.955147E-01
328000,  2.364835E+03,  4.211291E+02,  4.522456E+01,  9.392876E+01,  1.374577E+01,  1.038626E+00,  5.098343E-02,  3.262939E+00,  3.262939E+00,  7.613583E+01,  2.854916E+01,  4.245464E-08,  2.186131E-04,  1.207237E-02,  5.227811E-01,  1.936446E-01,  2.835744E-01
329000,  2.426724E+03,  4.248714E+02,  4.521962E+01,  9.810760E+01,  1.362321E+01,  1.029421E+00,  5.053160E-02,  3.234022E+00,  3.234022E+00,  7.544873E+01,  2.955665E+01,  4.399355E-08,  2.225157E-04,  1.217965E-02,  5.761346E-01,  1.959020E-01,  2.279634E-01
330000,  2.440473E+03,  4.651610E+02,  5.332837E+01,  1.182627E+02,  1.467455E+01,  1.021088E+00,  5.012252E-02,  3.207841E+00,  3.207841E+00,  9.584486E+01,  3.254277E+01,  4.544746E-08,  2.667180E-04,  1.333462E-02,  6.197020E-01,  2.164359E-01,  1.638620E-01
331000,  2.317788E+03,  4.559201E+02,  5.069378E+01,  1.078992E+02,  1.423233E+01,  1.015724E+00,  4.985924E-02,  3.190991E+00,  3.190991E+00,  8.836416E+01,  3.029282E+01,  4.641501E-08,  2.562259E-04,  1.306971E-02,  5.418756E-01,  2.476697E-01,  2.104546E-01
332000,  2.105452E+03,  4.241541E+02,  4.502718E+01,  8.483202E+01,  1.358817E+01,  1.028966E+00,  5.050924E-02,  3.232591E+00,  3.232591E+00,  7.493444E+01,  2.560037E+01,  4.407151E-08,  2.217650E-04,  1.215908E-02,  4.461129E-01,  2.683006E-01,  2.855866E-01
333000,  2.190348E+03,  4.051545E+02,  4.229752E+01,  8.052334E+01,  1.336301E+01,  1.044056E+00,  5.125000E-02,  3.280000E+00,  3.280000E+00,  6.922528E+01,  2.543965E+01,  4.157823E-08,  2.023425E-04,  1.161443E-02,  4.448929E-01,  2.554297E-01,  2.996774E-01
334000,  2.124105E+03,  4.256575E+02,  4.584044E+01,  8.619138E+01,  1.378474E+01,  1.034549E+00,  5.078333E-02,  3.250133E+00,  3.250133E+00,  7.739142E+01,  2.591872E+01,  4.312772E-08,  2.233398E-04,  1.220218E-02,  4.616181E-01,  2.747209E-01,  2.636610E-01
335000,  2.233093E+03,  3.970643E+02,  4.162568E+01,  7.884892E+01,  1.341870E+01,  1.056835E+00,  5.187725E-02,  3.320144E+00,  3.320144E+00,  6.840967E+01,  2.541821E+01,  3.960350E-08,  1.943423E-04,  1.138251E-02,  4.610049E-01,  2.997086E-01,  2.392865E-01
336000,  2.357424E+03,  3.812538E+02,  3.966550E+01,  7.674201E+01,  1.331707E+01,  1.074433E+00,  5.274113E-02,  3.375432E+00,  3.375432E+00,  6.469450E+01,  2.576493E+01,  3.707179E-08,  1.791736E-04,  1.092927E-02,  3.879797E-01,  3.379945E-01,  2.740258E-01
337000,  2.839426E+03,  3.605001E+02,  3.820403E+01,  8.264347E+01,  1.356481E+01,  1.115158E+00,  5.474018E-02,  3.503372E+00,  3.503372E+00,  6.347000E+01,  2.934358E+01,  3.194598E-08,  1.601978E-04,  1.033434E-02,  4.524675E-01,  3.003597E-01,  2.471728E-01
338000,  2.920922E+03,  3.350967E+02,  3.593212E+01,  7.345605E+01,  1.372532E+01,  1.163478E+00,  5.711212E-02,  3.655176E+00,  3.655176E+00,  6.040196E+01,  2.805869E+01,  2.696051E-08,  1.384159E-04,  9.606107E-03,  4.523562E-01,  2.574003E-01,  2.902436E-01
339000,  3.365534E+03,  3.286786E+02,  3.730828E+01,  8.142620E+01,  1.452927E+01,  1.208699E+00,  5.933189E-02,  3.797241E+00,  3.797241E+00,  6.638876E+01,  3.171047E+01,  2.314666E-08,  1.331645E-04,  9.422122E-03,  5.409034E-01,  2.294482E-01,  2.296483E-01
340000,  3.124139E+03,  3.765581E+02,  4.798991E+01,  9.921142E+01,  1.631277E+01,  1.196548E+00,  5.873541E-02,  3.759066E+00,  3.759066E+00,  9.587897E+01,  3.372404E+01,  2.410134E-08,  1.747872E-04,  1.079467E-02,  6.588769E-01,  1.742514E-01,  1.668716E-01
341000,  2.691977E+03,  4.069751E+02,  5.245490E+01,  9.985602E+01,  1.649788E+01,  1.157477E+00,  5.681752E-02,  3.636321E+00,  3.636321E+00,  1.059888E+02,  3.140627E+01,  2.752404E-08,  2.041650E-04,  1.166662E-02,  6.243510E-01,  1.627491E-01,  2.128999E-01
342000,  2.659182E+03,  3.991721E+02,  4.799804E+01,  9.489329E+01,  1.539123E+01,  1.128857E+00,  5.541262E-02,  3.546407E+00,  3.546407E+00,  9.047788E+01,  3.042884E+01,  3.042331E-08,  1.964110E-04,  1.144293E-02,  5.713902E-01,  1.897154E-01,  2.388944E-01
343000,  2.527003E+03,  4.306890E+02,  5.267501E+01,  1.049785E+02,  1.565492E+01,  1.096038E+00,  5.380165E-02,  3.443306E+00,  3.443306E+00,  1.009953E+02,  3.119943E+01,  3.423408E-08,  2.286510E-04,  1.234642E-02,  5.999512E-01,  1.881850E-01,  2.118638E-01
344000,  2.590583E+03,  4.081990E+02,  4.622098E+01,  9.667378E+01,  1.449363E+01,  1.083265E+00,  5.317466E-02,  3.403178E+00,  3.403178E+00,  8.204685E+01,  3.031424E+01,  3.587753E-08,  2.053949E-04,  1.170171E-02,  4.947989E-01,  2.085198E-01,  2.966812E-01
345000,  2.411933E+03,  4.085906E+02,  4.508746E+01,  9.017978E+01,  1.412464E+01,  1.068874E+00,  5.246826E-02,  3.357968E+00,  3.357968E+00,  7.799716E+01,  2.825080E+01,  3.784903E-08,  2.057891E-04,  1.171293E-02,  4.849795E-01,  2.156702E-01,  2.993503E-01
346000,  2.227891E+03,  4.250675E+02,  4.790121E+01,  9.015233E+01,  1.442443E+01,  1.059016E+00,  5.198433E-02,  3.326997E+00,  3.326997E+00,  8.462346E+01,  2.714745E+01,  3.927818E-08,  2.227211E-04,  1.218527E-02,  4.277415E-01,  2.494665E-01,  3.227920E-01
347000,  2.466011E+03,  3.909985E+02,  4.155828E+01,  8.443305E+01,  1.360481E+01,  1.072361E+00,  5.263938E-02,  3.368920E+00,  3.368920E+00,  6.924615E+01,  2.764059E+01,  3.735925E-08,  1.884499E-04,  1.120862E-02,  3.822753E-01,  3.059367E-01,  3.117880E-01
348000,  2.463757E+03,  3.685532E+02,  3.795229E+01,  7.494891E+01,  1.318098E+01,  1.087191E+00,  5.336738E-02,  3.415512E+00,  3.415512E+00,  6.126768E+01,  2.603006E+01,  3.536206E-08,  1.674349E-04,  1.056519E-02,  4.196110E-01,  3.172509E-01,  2.631381E-01
349000,  2.559989E+03,  3.538555E+02,  3.613961E+01,  7.178889E+01,  1.307277E+01,  1.104976E+00,  5.424040E-02,  3.471385E+00,  3.471385E+00,  5.786242E+01,  2.596816E+01,  3.313978E-08,  1.543468E-04,  1.014386E-02,  4.970323E-01,  2.572718E-01,  2.456959E-01
350000,  2.855795E+03,  4.061024E+02,  4.738542E+01,  1.054789E+02,  1.493548E+01,  1.102488E+00,  5.411826E-02,  3.463569E+00,  3.463569E+00,  8.667811E+01,  3.324603E+01,  3.343996E-08,  2.032904E-04,  1.164160E-02,  5.948278E-01,  2.441486E-01,  1.610235E-01
351000,  2.535061E+03,  4.398255E+02,  5.422744E+01,  1.098289E+02,  1.578152E+01,  1.088971E+00,  5.345474E-02,  3.421103E+00,  3.421103E+00,  1.048126E+02,  3.196289E+01,  3.513147E-08,  2.384550E-04,  1.260833E-02,  6.253241E-01,  1.898535E-01,  1.848224E-01
352000,  2.287368E+03,  4.636141E+02,  5.531819E+01,  1.101074E+02,  1.527289E+01,  1.043433E+00,  5.121939E-02,  3.278041E+00,  3.278041E+00,  1.034749E+02,  3.039975E+01,  4.167768E-08,  2.649470E-04,  1.329027E-02,  5.651292E-01,  2.269345E-01,  2.079363E-01
353000,  2.107053E+03,  4.384817E+02,  4.799103E+01,  9.072888E+01,  1.400937E+01,  1.027580E+00,  5.044124E-02,  3.228239E+00,  3.228239E+00,  8.234256E+01,  2.648525E+01,  4.430966E-08,  2.370001E-04,  1.256981E-02,  4.772551E-01,  2.802211E-01,  2.425238E-01
354000,  2.321463E+03,  3.902090E+02,  3.940710E+01,  7.916325E+01,  1.292668E+01,  1.046350E+00,  5.136260E-02,  3.287206E+00,  3.287206E+00,  6.238886E+01,  2.596787E+01,  4.121481E-08,  1.876896E-04,  1.118599E-02,  4.115492E-01,  3.010312E-01,  2.874196E-01
355000,  2.394008E+03,  4.036869E+02,  4.304563E+01,  8.737399E+01,  1.364880E+01,  1.057078E+00,  5.188920E-02,  3.320909E+00,  3.320909E+00,  7.195635E+01,  2.770432E+01,  3.956702E-08,  2.008792E-04,  1.157236E-02,  4.716801E-01,  2.646433E-01,  2.636767E-01
356000,  2.413995E+03,  3.780674E+02,  3.964598E+01,  7.727552E+01,  1.342270E+01,  1.083222E+00,  5.317254E-02,  3.403043E+00,  3.403043E+00,  6.517554E+01,  2.616271E+01,  3.588322E-08,  1.761911E-04,  1.083793E-02,  4.449530E-01,  2.910718E-01,  2.639752E-01
357000,  2.560282E+03,  3.554020E+02,  3.727488E+01,  7.242606E+01,  1.342475E+01,  1.117314E+00,  5.484605E-02,  3.510147E+00,  3.510147E+00,  6.128698E+01,  2.608464E+01,  3.170005E-08,  1.556989E-04,  1.018819E-02,  4.495637E-01,  3.118125E-01,  2.386239E-01
358000,  2.444261E+03,  3.896143E+02,  4.476154E+01,  8.309689E+01,  1.470551E+01,  1.116876E+00,  5.482450E-02,  3.508768E+00,  3.508768E+00,  8.061779E+01,  2.729982E+01,  3.174991E-08,  1.871180E-04,  1.116894E-02,  4.610986E-01,  2.729375E-01,  2.659639E-01
359000,  2.552525E+03,  3.698083E+02,  4.094633E+01,  7.817910E+01,  1.417256E+01,  1.125429E+00,  5.524435E-02,  3.535639E+00,  3.535639E+00,  7.107370E+01,  2.705976E+01,  3.079567E-08,  1.685773E-04,  1.060117E-02,  3.897613E-01,  2.824247E-01,  3.278140E-01
360000,  2.751143E+03,  3.762172E+02,  4.262616E+01,  8.720830E+01,  1.450265E+01,  1.128721E+00,  5.540596E-02,  3.545981E+00,  3.545981E+00,  7.571279E+01,  2.967079E+01,  3.043795E-08,  1.744709E-04,  1.078489E-02,  4.013458E-01,  2.556942E-01,  3.429601E-01
361000,  2.689115E+03,  4.047075E+02,  4.819286E+01,  9.864137E+01,  1.524233E+01,  1.115674E+00,  5.476552E-02,  3.504993E+00,  3.504993E+00,  8.996629E+01,  3.119808E+01,  3.188690E-08,  2.018962E-04,  1.160161E-02,  3.554434E-01,  2.696612E-01,  3.748954E-01
362000,  2.592044E+03,  4.051910E+02,  4.656039E+01,  9.530799E+01,  1.470845E+01,  1.095307E+00,  5.376573E-02,  3.441007E+00,  3.441007E+00,  8.387433E+01,  3.010783E+01,  3.432566E-08,  2.023789E-04,  1.161548E-02,  3.774934E-01,  2.486296E-01,  3.738769E-01
363000,  2.309740E+03,  4.045793E+02,  4.527485E+01,  8.467157E+01,  1.432397E+01,  1.081713E+00,  5.309847E-02,  3.398302E+00,  3.398302E+00,  7.942662E+01,  2.678823E+01,  3.608388E-08,  2.017683E-04,  1.159794E-02,  4.481440E-01,  2.625198E-01,  2.893361E-01
364000,  2.356795E+03,  3.736087E+02,  3.872907E+01,  7.367550E+01,  1.326875E+01,  1.083400E+00,  5.318126E-02,  3.403600E+00,  3.403600E+00,  6.293797E+01,  2.524155E+01,  3.585971E-08,  1.720599E-04,  1.071012E-02,  4.040862E-01,  3.078929E-01,  2.880210E-01
365000,  2.671255E+03,  3.680124E+02,  3.888391E+01,  8.102283E+01,  1.352438E+01,  1.102071E+00,  5.409780E-02,  3.462259E+00,  3.462259E+00,  6.440699E+01,  2.818091E+01,  3.349059E-08,  1.669439E-04,  1.054969E-02,  4.702930E-01,  2.456898E-01,  2.840171E-01
366000,  2.730622E+03,  4.081900E+02,  4.835117E+01,  1.018952E+02,  1.516193E+01,  1.107971E+00,  5.438739E-02,  3.480793E+00,  3.480793E+00,  8.978570E+01,  3.195222E+01,  3.278298E-08,  2.053858E-04,  1.170145E-02,  5.638888E-01,  2.391201E-01,  1.969911E-01
367000,  2.764780E+03,  3.701657E+02,  4.124874E+01,  8.484383E+01,  1.426345E+01,  1.128486E+00,  5.539444E-02,  3.545244E+00,  3.545244E+00,  7.205775E+01,  2.933824E+01,  3.046326E-08,  1.689033E-04,  1.061142E-02,  4.958171E-01,  2.853043E-01,  2.188785E-01
368000,  2.379585E+03,  4.043835E+02,  4.688772E+01,  8.714757E+01,  1.484143E+01,  1.101345E+00,  5.406213E-02,  3.459976E+00,  3.459976E+00,  8.522762E+01,  2.758492E+01,  3.357905E-08,  2.015731E-04,  1.159233E-02,  4.961320E-01,  2.645465E-01,  2.393215E-01
369000,  2.349933E+03,  4.024528E+02,  4.520786E+01,  8.524181E+01,  1.437835E+01,  1.086624E+00,  5.333951E-02,  3.413729E+00,  3.413729E+00,  7.961016E+01,  2.711113E+01,  3.543602E-08,  1.996529E-04,  1.153698E-02,  5.055476E-01,  2.404383E-01,  2.540141E-01
370000,  2.451159E+03,  4.435288E+02,  5.147938E+01,  1.079897E+02,  1.485667E+01,  1.052160E+00,  5.164780E-02,  3.305459E+00,  3.305459E+00,  9.366994E+01,  3.116525E+01,  4.031195E-08,  2.424875E-04,  1.271449E-02,  6.069601E-01,  1.944983E-01,  1.985416E-01
371000,  2.377240E+03,  4.526294E+02,  5.062635E+01,  1.090751E+02,  1.431673E+01,  1.022428E+00,  5.018831E-02,  3.212052E+00,  3.212052E+00,  8.876996E+01,  3.084558E+01,  4.520961E-08,  2.525406E-04,  1.297538E-02,  5.930527E-01,  2.109256E-01,  1.960218E-01
372000,  2.407870E+03,  4.119982E+02,  4.273786E+01,  9.153580E+01,  1.327784E+01,  1.032044E+00,  5.066034E-02,  3.242262E+00,  3.242262E+00,  6.950014E+01,  2.843843E+01,  4.354807E-08,  2.092360E-04,  1.181062E-02,  5.676841E-01,  1.971061E-01,  2.352098E-01
373000,  2.590981E+03,  4.252368E+02,  4.657637E+01,  1.049284E+02,  1.401990E+01,  1.043852E+00,  5.123999E-02,  3.279359E+00,  3.279359E+00,  7.997533E+01,  3.158437E+01,  4.161070E-08,  2.228986E-04,  1.219012E-02,  6.186057E-01,  1.866355E-01,  1.947588E-01
374000,  2.440273E+03,  4.596209E+02,  5.374382E+01,  1.154530E+02,  1.496713E+01,  1.037413E+00,  5.092388E-02,  3.259128E+00,  3.259128E+00,  9.851736E+01,  3.215256E+01,  4.265354E-08,  2.604026E-04,  1.317580E-02,  6.156803E-01,  2.086086E-01,  1.757110E-01
375000,  2.470454E+03,  4.148739E+02,  4.446393E+01,  9.523053E+01,  1.371834E+01,  1.045382E+00,  5.131507E-02,  3.284164E+00,  3.284164E+00,  7.470595E+01,  2.938124E+01,  4.136773E-08,  2.121670E-04,  1.189305E-02,  5.445984E-01,  2.344648E-01,  2.209368E-01
376000,  2.304294E+03,  4.226959E+02,  4.637059E+01,  9.220643E+01,  1.404186E+01,  1.047805E+00,  5.143401E-02,  3.291776E+00,  3.291776E+00,  7.974671E+01,  2.792178E+01,  4.098640E-08,  2.202428E-04,  1.211728E-02,  4.992919E-01,  2.327381E-01,  2.679700E-01
377000,  2.493793E+03,  4.091786E+02,  4.420782E+01,  9.350904E+01,  1.382917E+01,  1.056875E+00,  5.187925E-02,  3.320272E+00,  3.320272E+00,  7.487570E+01,  2.925167E+01,  3.959738E-08,  2.063819E-04,  1.172979E-02,  4.191196E-01,  2.383672E-01,  3.425133E-01
378000,  2.573115E+03,  3.686817E+02,  3.781875E+01,  7.833030E+01,  1.313002E+01,  1.084898E+00,  5.325483E-02,  3.408309E+00,  3.408309E+00,  6.081607E+01,  2.719494E+01,  3.566194E-08,  1.675517E-04,  1.056888E-02,  3.723398E-01,  2.716618E-01,  3.559984E-01
379000,  2.709230E+03,  3.748861E+02,  4.067056E+01,  8.527308E+01,  1.388643E+01,  1.106440E+00,  5.431224E-02,  3.475984E+00,  3.475984E+00,  6.916981E+01,  2.911539E+01,  3.296477E-08,  1.732385E-04,  1.074674E-02,  3.468036E-01,  2.831083E-01,  3.700882E-01
380000,  2.707395E+03,  3.835150E+02,  4.393142E+01,  8.918329E+01,  1.466232E+01,  1.124068E+00,  5.517754E-02,  3.531363E+00,  3.531363E+00,  7.889031E+01,  2.976536E+01,  3.094510E-08,  1.813052E-04,  1.099410E-02,  3.873753E-01,  2.360537E-01,  3.765710E-01
381000,  2.270872E+03,  4.433715E+02,  5.554703E+01,  9.997594E+01,  1.603626E+01,  1.093326E+00,  5.366853E-02,  3.434786E+00,  3.434786E+00,  1.090962E+02,  2.886275E+01,  3.457500E-08,  2.423155E-04,  1.270998E-02,  4.882837E-01,  2.317271E-01,  2.799892E-01
382000,  2.319918E+03,  4.654296E+02,  5.781296E+01,  1.125506E+02,  1.589941E+01,  1.062541E+00,  5.215736E-02,  3.338071E+00,  3.338071E+00,  1.125776E+02,  3.095308E+01,  3.875954E-08,  2.670261E-04,  1.334232E-02,  5.395905E-01,  2.329326E-01,  2.274768E-01
383000,  2.355025E+03,  4.148063E+02,  4.603082E+01,  9.075146E+01,  1.420409E+01,  1.063815E+00,  5.221990E-02,  3.342073E+00,  3.342073E+00,  8.007697E+01,  2.800388E+01,  3.857421E-08,  2.120979E-04,  1.189112E-02,  4.213544E-01,  2.742884E-01,  3.043572E-01
384000,  2.412709E+03,  4.006130E+02,  4.333462E+01,  8.672062E+01,  1.384586E+01,  1.068758E+00,  5.246256E-02,  3.357604E+00,  3.357604E+00,  7.348530E+01,  2.770814E+01,  3.786546E-08,  1.978317E-04,  1.148424E-02,  4.259052E-01,  2.913747E-01,  2.827201E-01
385000,  2.360542E+03,  3.872150E+02,  4.117369E+01,  7.926534E+01,  1.361061E+01,  1.077816E+00,  5.290719E-02,  3.386060E+00,  3.386060E+00,  6.863455E+01,  2.620240E+01,  3.660853E-08,  1.848205E-04,  1.110016E-02,  4.662808E-01,  2.564759E-01,  2.772432E-01
386000,  2.518732E+03,  3.919190E+02,  4.313310E+01,  8.664467E+01,  1.408719E+01,  1.089924E+00,  5.350151E-02,  3.424097E+00,  3.424097E+00,  7.441843E+01,  2.829798E+01,  3.500879E-08,  1.893383E-04,  1.123501E-02,  5.107124E-01,  2.240766E-01,  2.652110E-01
387000,  2.311370E+03,  4.381503E+02,  5.108718E+01,  9.937631E+01,  1.492447E+01,  1.061011E+00,  5.208227E-02,  3.333266E+00,  3.333266E+00,  9.338052E+01,  2.903152E+01,  3.898356E-08,  2.366420E-04,  1.256031E-02,  5.647919E-01,  1.895562E-01,  2.456519E-01
388000,  2.334053E+03,  4.188243E+02,  4.599692E+01,  9.169418E+01,  1.405746E+01,  1.053221E+00,  5.169989E-02,  3.308793E+00,  3.308793E+00,  7.919198E+01,  2.802334E+01,  4.014975E-08,  2.162267E-04,  1.200630E-02,  5.264083E-01,  2.053795E-01,  2.682121E-01
389000,  2.357663E+03,  4.298693E+02,  4.809297E+01,  9.757126E+01,  1.432040E+01,  1.049280E+00,  5.150643E-02,  3.296411E+00,  3.296411E+00,  8.434945E+01,  2.905330E+01,  4.075637E-08,  2.277815E-04,  1.232292E-02,  5.308831E-01,  2.237628E-01,  2.453541E-01
390000,  2.332045E+03,  4.258885E+02,  4.804792E+01,  9.473183E+01,  1.444071E+01,  1.058592E+00,  5.196351E-02,  3.325665E+00,  3.325665E+00,  8.497846E+01,  2.847148E+01,  3.934116E-08,  2.235823E-04,  1.220880E-02,  5.108244E-01,  2.208435E-01,  2.683321E-01
391000,  2.207980E+03,  4.087377E+02,  4.292708E+01,  8.261366E+01,  1.344302E+01,  1.042577E+00,  5.117738E-02,  3.275352E+00,  3.275352E+00,  7.067627E+01,  2.587123E+01,  4.181469E-08,  2.059373E-04,  1.171715E-02,  4.263000E-01,  2.706055E-01,  3.030944E-01
392000,  2.043034E+03,  4.587893E+02,  5.072126E+01,  9.630957E+01,  1.415099E+01,  1.009645E+00,  4.956086E-02,  3.171895E+00,  3.171895E+00,  8.790677E+01,  2.686991E+01,  4.754293E-08,  2.594611E-04,  1.315196E-02,  5.037232E-01,  2.523822E-01,  2.438946E-01
393000,  2.171852E+03,  4.839972E+02,  5.368928E+01,  1.139419E+02,  1.419890E+01,  9.846640E-01,  4.833458E-02,  3.093413E+00,  3.093413E+00,  9.336582E+01,  3.013356E+01,  5.255442E-08,  2.887563E-04,  1.387459E-02,  5.801049E-01,  2.023615E-01,  2.175336E-01
394000,  2.043613E+03,  4.719729E+02,  5.067699E+01,  1.019530E+02,  1.374370E+01,  9.810145E-01,  4.815544E-02,  3.081948E+00,  3.081948E+00,  8.530215E+01,  2.764985E+01,  5.334083E-08,  2.745869E-04,  1.352989E-02,  5.326560E-01,  2.247618E-01,  2.425822E-01
395000,  1.966285E+03,  5.583085E+02,  6.555805E+01,  1.372657E+02,  1.503010E+01,  9.432482E-01,  4.630159E-02,  2.963302E+00,  2.963302E+00,  1.206795E+02,  3.147008E+01,  6.241050E-08,  3.842326E-04,  1.600484E-02,  5.993265E-01,  1.918396E-01,  2.088338E-01
396000,  1.893483E+03,  5.757996E+02,  6.354440E+01,  1.405955E+02,  1.412589E+01,  9.004394E-01,  4.420022E-02,  2.828814E+00,  2.828814E+00,  1.099357E+02,  3.125431E+01,  7.515253E-08,  4.086846E-04,  1.650625E-02,  5.914911E-01,  2.191249E-01,  1.893840E-01
397000,  1.818247E+03,  5.341709E+02,  5.253756E+01,  1.161931E+02,  1.258924E+01,  8.825551E-01,  4.332232E-02,  2.772629E+00,  2.772629E+00,  8.100559E+01,  2.784263E+01,  8.143182E-08,  3.517273E-04,  1.531290E-02,  5.235831E-01,  2.341421E-01,  2.422749E-01
398000,  1.865682E+03,  4.983254E+02,  4.726479E+01,  1.037602E+02,  1.214045E+01,  8.973110E-01,  4.404665E-02,  2.818986E+00,  2.818986E+00,  7.027778E+01,  2.665188E+01,  7.620608E-08,  3.061059E-04,  1.428533E-02,  5.381875E-01,  2.295772E-01,  2.322353E-01
399000,  1.777381E+03,  4.529500E+02,  4.133996E+01,  8.166730E+01,  1.168234E+01,  9.232556E-01,  4.532020E-02,  2.900493E+00,  2.900493E+00,  5.914875E+01,  2.307852E+01,  6.799450E-08,  2.528985E-04,  1.298457E-02,  4.470155E-01,  2.728135E-01,  2.801710E-01
400000,  1.929106E+03,  4.381986E+02,  4.036998E+01,  8.295934E+01,  1.179227E+01,  9.430733E-01,  4.629301E-02,  2.962752E+00,  2.962752E+00,  5.830445E+01,  2.423284E+01,  6.245679E-08,  2.366942E-04,  1.256169E-02,  4.318171E-01,  2.572131E-01,  3.109697E-01
